Rank,Word,Frequency,English Gloss,Proposed Tone,Verified Tone,Genesis Context
1,rẹ,1089,beg/plead / Beg,rẹ,rẹ,"Odẹ rẹ ọrẹsosuọ Pishọn, ọna re djẹ nene ubrotọ ri Havila, ra da mrẹ oro;"
2,da,924,Drink / drink,da,da,"Urhie da va phia vwẹ Idẹn rere ọrhuọrhuọ udju na, Etiyin ọ da jẹn eghọn ẹ́ne."
3,na,883,to be (in a place),nà,nà,ẹkẹvuọvo evwru kọye di muẹ nẹ otọ na kpenu ọ Me rhe kpọrhọ otọ na ejobi -
4,kẹ,605,Give,Kẹ́,Kẹ́,"Ọrovwohwo Ọghẹnẹ de ji urhi kẹ ohwo na, nẹ, Wọ sa re omamọ komamọ rẹ udju na obo ri jẹn we;"
5,vwẹ,506,Urinate,Vwẹ,Vwẹ,"Urhie da va phia vwẹ Idẹn rere ọrhuọrhuọ udju na, Etiyin ọ da jẹn eghọn ẹ́ne."
6,ọ,500,"he, she, it",ọ,ọ,ẹkẹvuọvo evwru kọye di muẹ nẹ otọ na kpenu ọ Me rhe kpọrhọ otọ na ejobi -
7,de,494,,,,Ọrovwohwo Ọghẹnẹ da reyọ ohwo na o de phio phihọ udju rẹ Idẹn na rere ọ sẹro rọye.
8,ri,487,,,,"Odẹ rẹ ọrẹsosuọ Pishọn, ọna re djẹ nene ubrotọ ri Havila, ra da mrẹ oro;"
9,rọye,465,,,,Ọrovwohwo Ọghẹnẹ da reyọ ohwo na o de phio phihọ udju rẹ Idẹn na rere ọ sẹro rọye.
10,ta,352,A  mild  condemnation ; Blame  or  curse,Ta,Ta,"Ọrovwohwo Ọghẹnẹ da ta, Oyoma rere ọsháre ọ́vo vwọ dia sogono-o, Me ma ọchuko ro fori vwọ kẹ."
11,re,341,eat / Eat,re,re,Kẹnẹ a ma odjúvwu vẹ akpọ́ kugbe obo re vọnrọ ejobi wan.
12,o,308,,,,Ọrovwohwo Ọghẹnẹ da reyọ ohwo na o de phio phihọ udju rẹ Idẹn na rere ọ sẹro rọye.
13,ayen,293,they,ayen,ayen,"Fiki rẹ ọtiọye na ọsháre vwọ yan jẹn ọ́sẹ rọye vẹ oní rọye vwó kọ rhe gbanọ ayé rọye, ayen ke dia omá ọ́vo."
14,nẹ,254,from,nẹ,nẹ,ẹkẹvuọvo evwru kọye di muẹ nẹ otọ na kpenu ọ Me rhe kpọrhọ otọ na ejobi -
15,vwọ,243,assist a person in lifting a load to the head,vwọ,vwọ,"Ọrovwohwo Ọghẹnẹ da ta, Oyoma rere ọsháre ọ́vo vwọ dia sogono-o, Me ma ọchuko ro fori vwọ kẹ."
16,kugbe,238,,,,Kẹnẹ a ma odjúvwu vẹ akpọ́ kugbe obo re vọnrọ ejobi wan.
17,mẹ,235,Me,Mẹ,Mẹ,"Etiyin ọsháre na da ta, Ọnana ubeku mẹ́ kugbe uvwo rẹ uvwo mẹ, ke se nẹ Ayé, fikiridie omá rẹ ọshare esiro nurhe."
18,me,215,plait / to plait,mè,mè,ẹkẹvuọvo evwru kọye di muẹ nẹ otọ na kpenu ọ Me rhe kpọrhọ otọ na ejobi -
19,wẹn,212,breathe,wẹn,wẹn,"Ẹkẹvuọvo ke Me vẹ owẹ re ọphọ; ko wọ cha ro evun rẹ ókọ̀ na, te owẹ te emọ wẹn, aye wẹn te eya rẹ emọ wẹn."
20,vẹ,207,disperse (of a crowd),vẹ,vẹ,Kẹnẹ a ma odjúvwu vẹ akpọ́ kugbe obo re vọnrọ ejobi wan.
21,vwo,207,Own  ;  Own   it  =  Vwóró,Vwó,Vwó,"Enana ke ye orua ri Noa. Noa kẹ ọvwata oruẹ, o vwo eka vwẹ orua rọye na-a; Noa da yan kpahọ Ọghẹnẹ."
22,dia,182,menstruate,dia,dia,"Ọrovwohwo Ọghẹnẹ da ta, Oyoma rere ọsháre ọ́vo vwọ dia sogono-o, Me ma ọchuko ro fori vwọ kẹ."
23,rhe,181,arrive,rhe,rhe,ẹkẹvuọvo evwru kọye di muẹ nẹ otọ na kpenu ọ Me rhe kpọrhọ otọ na ejobi -
24,otọ,180,ground/down / Ground,ótọ,ótọ,ẹkẹvuọvo evwru kọye di muẹ nẹ otọ na kpenu ọ Me rhe kpọrhọ otọ na ejobi -
25,ejobi,177,,,,Kẹnẹ a ma odjúvwu vẹ akpọ́ kugbe obo re vọnrọ ejobi wan.
26,rọ,169,swallow / Swallow  ;  Swallow  it,rọ,rọ,"Odẹ rẹ urhie rerha ki Tigris, rọ djẹ nene obọrhe rẹ Asira. Urhie rẹne ki Yufretis."
27,etiyin,168,,,,"Urhie da va phia vwẹ Idẹn rere ọrhuọrhuọ udju na, Etiyin ọ da jẹn eghọn ẹ́ne."
28,te,155,,,,"Te ọshare na ve ayé rọye da ban phihọ, yẹ oma vo aye-en."
29,ro,144,enter,ro,ro,"Ọrovwohwo Ọghẹnẹ da ta, Oyoma rere ọsháre ọ́vo vwọ dia sogono-o, Me ma ọchuko ro fori vwọ kẹ."
30,ọghẹnẹ,139,,,,Ọrovwohwo Ọghẹnẹ da reyọ ohwo na o de phio phihọ udju rẹ Idẹn na rere ọ sẹro rọye.
31,ki,139,,,,"Odẹ rẹ urhie rivẹ ki Gihọn, urhie nana re djẹ wan ubrotọ ri Kush."
32,jekọp,139,,,,"Ọke rẹ emọ na vwọ ghwanre re, Isọ kẹ ọgba oruẹ, ohwo rẹ aghwa, Jekọp kẹ ohwo dẹndẹn rọ dia itughẹ."
33,emọ,132,,,,"Ẹkẹvuọvo ke Me vẹ owẹ re ọphọ; ko wọ cha ro evun rẹ ókọ̀ na, te owẹ te emọ wẹn, aye wẹn te eya rẹ emọ wẹn."
34,wẹ,132,you (obj.)  (sing.) / You / you,wẹ,wẹ,"Je reyọ obo rẹ unu ria demu doka rọye, ghwẹ ayen koko wọ nabọ sẹro rayen; kọ dia emú kẹ wẹ́ vẹ ayen."
35,ọsẹ,128,father / Father,ọ́sẹ,ọ́sẹ,"Ham, rẹ ọ́sẹ ri Kenan, da mrẹ ẹba rẹ ọsẹ rọye, o de rhi gbe ikun kẹ iniọvo rọye vwẹ otafe."
36,wọ,125,,,,"Ọrovwohwo Ọghẹnẹ de ji urhi kẹ ohwo na, nẹ, Wọ sa re omamọ komamọ rẹ udju na obo ri jẹn we;"
37,mi,123,squeeze,mi,mi,"Ọghẹnẹ da ta ki Noa, Ọnana kẹ oka rẹ ọphọ na ri mi vwo mu vwẹ uvwre mẹ kugbe uvwo ejobi rọ enu rẹ akpọ na."
38,ọmọ,123,child / Child,ọmọ,ọmọ,"Ebram da ta, Nighe, wọ je kẹ vwẹ ọmọ-ọ, ọviẹn re vwiẹ vwẹ uwevwi mẹ kọye cha re uku mẹ."
39,ọke,122,time / Period  of  time,ọke,ọke,Noa da dia ikpe urí ẹ́rha ọghwo te vwẹ ọke rẹ oghwe na vwo ku akpọ na.
40,reyọ,120,take,reyọ,reyọ,Ọrovwohwo Ọghẹnẹ da reyọ ohwo na o de phio phihọ udju rẹ Idẹn na rere ọ sẹro rọye.
41,ru,117,do/make / Do,ru,ru,Noa de ru ọna; o de ru emú ejobi rẹ Ọghẹnẹ dje kẹ nẹ o ru.
42,se,114,read / read (imp.),se,se,"Etiyin ọsháre na da ta, Ọnana ubeku mẹ́ kugbe uvwo rẹ uvwo mẹ, ke se nẹ Ayé, fikiridie omá rẹ ọshare esiro nurhe."
43,ihwo,112,,,,"Ọke rẹ ihwo vwọ kua nẹ abọ rẹ ọnre da vacha re, ayen da rhe mrẹ uphephe ọvo vwẹ otọ ri Shinar ayen da dia Etiyin."
44,josẹf,108,,,,"o de se odẹ rọye Josẹf, tanẹ, Je Ọrovwohwo vwẹ ọmọ ọfa vwo ba kẹ vwẹ,"
45,ebraham,104,,,,"E gbi se we Ebram ọfa-a, ẹkẹvuọvo ke se we Ebraham, fikiridie mi ru we vwọ dia ọsẹ rẹ ẹgborho buebu."
46,aye,103,woman / Woman,aje,aje,"Te ọshare na ve ayé rọye da ban phihọ, yẹ oma vo aye-en."
47,kọye,102,,,,ẹkẹvuọvo evwru kọye di muẹ nẹ otọ na kpenu ọ Me rhe kpọrhọ otọ na ejobi -
48,phihọ,100,Add   to  it,Phihọ,Phihọ,Ọrovwohwo Ọghẹnẹ da reyọ ohwo na o de phio phihọ udju rẹ Idẹn na rere ọ sẹro rọye.
49,ẹkẹvuọvo,98,But  ;  although,Ẹkẹvuọvo,Ẹkẹvuọvo,ẹkẹvuọvo evwru kọye di muẹ nẹ otọ na kpenu ọ Me rhe kpọrhọ otọ na ejobi -
50,e,97,,,,"Ẹkẹvuọvo wọ ria uvwo vẹ arhọ rọye-e, kọye ọbara rọye."
51,ke,96,give,ke,ke,"Etiyin ọsháre na da ta, Ọnana ubeku mẹ́ kugbe uvwo rẹ uvwo mẹ, ke se nẹ Ayé, fikiridie omá rẹ ọshare esiro nurhe."
52,ohwo,93,person,oxhwó,oxhwó,Ọrovwohwo Ọghẹnẹ da reyọ ohwo na o de phio phihọ udju rẹ Idẹn na rere ọ sẹro rọye.
53,kidie,91,what else,kídié,kídié,"Ohwo ro sun ọbara rẹ ohwo te otọ, ohwo ọfa ji sun ọbara rọye te otọ, kidie Ọghẹnẹ ma ohwo vwẹ uhoho rọye."
54,kpo,91,Go  home / go home,kpo,kpo,Vwẹ ọke nana owẹvwe de rhi fi vwẹ otọ na. Etiyin Ebram de kpo Ijipt ra dia fikiridie owẹvwe na firi gangan vwẹ otọ na.
55,vwiẹ,89,Deliver   e.g.  baby  ;  Bear  a  child,Vwiẹ,Vwiẹ,"Vwọ kẹ ovwan, we vwiẹ ri we bu phihọ, we vwiẹ buebu vwẹ akpọ na ru we bu phihọ."
56,mrẹ,87,see / See,mrẹ,mrẹ,"Odẹ rẹ ọrẹsosuọ Pishọn, ọna re djẹ nene ubrotọ ri Havila, ra da mrẹ oro;"
57,wo,87,descend,wo,wo,"Ọtiọna kọye wo ruo: ugrogro rẹ ókọ̀ na kubit urí gbẹ ujori, ohẹhẹre rọye kubit ujuvẹ gbẹ ihwé, ekodo rọye kubit ọgban."
58,gbe,86,dance / Dance,gbe,gbe,"Eránvwe ri tete omá, kugbe iri gbe oma, te ephra, te obo ri kpono vwẹ otọ na,"
59,ọrovwohwo,82,,,,Ọrovwohwo Ọghẹnẹ da reyọ ohwo na o de phio phihọ udju rẹ Idẹn na rere ọ sẹro rọye.
60,mu,80,carry,mu,mu,"Kọye Ọrovwohwo Ọghẹnẹ da vwẹ ovwerhe rode vwó mu ohwo na, rọ vwọ vwerhẹ re ọ da reyọ ubiedada rọye ode ko di;"
61,oma,80,Body,Oma,Oma,"Te ọshare na ve ayé rọye da ban phihọ, yẹ oma vo aye-en."
62,ra,75,Go   there,Ra,Ra,"Odẹ rẹ ọrẹsosuọ Pishọn, ọna re djẹ nene ubrotọ ri Havila, ra da mrẹ oro;"
63,avwanre,75,we / us,avwanre,avwanre,"Ebram da ta ki Lọt, E gbi jẹ oseghe dia uvwre wẹ vẹ ọmẹ-ẹ kugbe uvwre rẹ isuigodẹ wẹn vẹ emẹ-ẹ, kidie avwanre iniọvo."
64,odẹ,73,name / Name,Odẹ,Odẹ,"Odẹ rẹ ọrẹsosuọ Pishọn, ọna re djẹ nene ubrotọ ri Havila, ra da mrẹ oro;"
65,ikpe,72,,,,Noa da dia ikpe urí ẹ́rha ọghwo te vwẹ ọke rẹ oghwe na vwo ku akpọ na.
66,emu,71,food / Food,emu,emu,Noa de ru emu ejobi rẹ Ọrovwohwo dje kẹ na.
67,fero,70,,,,"Rẹ emọ rẹ ovíé Fero, vwọ mrẹ, ayen de jiro ki Fero. A da reyọ aye na vwo rhe Fero."
68,isọ,70,"excreta, stool, faeces / Excreta",ísọ,ísọ,"Orẹ ẹsosuọ vwo shotọ ọvwara wei, oma rọye ejobi ẹtuẹnto yafu, kọye e de se odẹ rọye Isọ."
69,rayen,69,,,,"Je reyọ obo rẹ unu ria demu doka rọye, ghwẹ ayen koko wọ nabọ sẹro rayen; kọ dia emú kẹ wẹ́ vẹ ayen."
70,we,68,,,,"Ọrovwohwo Ọghẹnẹ de ji urhi kẹ ohwo na, nẹ, Wọ sa re omamọ komamọ rẹ udju na obo ri jẹn we;"
71,aizik,66,,,,"Ẹkẹvuọvo Aizik ọye ọphọ mẹ cha sẹ nene, ri Sera che vwiẹ kẹ vwẹ eghẹre ọtiọnana ukpe ọfa."
72,je,64,Admire ;  Like,Je,Je,oro rẹ otọ na pha yoyovwi; bideliọm vẹ oragha rẹ oniks; je otọ na rhe.
73,a,63,,,,Kẹnẹ a ma odjúvwu vẹ akpọ́ kugbe obo re vọnrọ ejobi wan.
74,akpọ,63,world / World  ; earth  ;  life,akpọ,akpọ,Kẹnẹ a ma odjúvwu vẹ akpọ́ kugbe obo re vọnrọ ejobi wan.
75,rhi,63,be destined,rhi,rhi,"Akpọ́ na de rhi gbeku vwẹ obaro rẹ Ọghẹnẹ, akpọ na ke je vọn vẹ ozighi."
76,ijipt,63,,,,Vwẹ ọke nana owẹvwe de rhi fi vwẹ otọ na. Etiyin Ebram de kpo Ijipt ra dia fikiridie owẹvwe na firi gangan vwẹ otọ na.
77,ji,62,send,ji,ji,"Ọrovwohwo Ọghẹnẹ de ji urhi kẹ ohwo na, nẹ, Wọ sa re omamọ komamọ rẹ udju na obo ri jẹn we;"
78,uwevwi,62,house,uwevwi,uwevwi,Ọrovwohwo da vwẹ emiavwe mu Fero kugbe =uwevwi rọye ejobi fiki Serai aye rẹ Ebram.
79,rere,60,"in order to, so that",rere,rere,"Urhie da va phia vwẹ Idẹn rere ọrhuọrhuọ udju na, Etiyin ọ da jẹn eghọn ẹ́ne."
80,cha,60,Coming  e.g. Mẽ   cha = I am  coming.,Cha,Cha,"Ẹkẹvuọvo ke Me vẹ owẹ re ọphọ; ko wọ cha ro evun rẹ ókọ̀ na, te owẹ te emọ wẹn, aye wẹn te eya rẹ emọ wẹn."
81,nana,58,,,,"Odẹ rẹ urhie rivẹ ki Gihọn, urhie nana re djẹ wan ubrotọ ri Kush."
82,ọye,57,"him, her or it",ọ́ye,ọ́ye,"Enana keye uvwiẹ ri Terah. Terah ọye ọsẹ rẹ Ebram, Nahọr kugbe Haran; Haran kọye ọsẹ ri Lọt."
83,oniọvo,57,brother/sister,óniọvo,óniọvo,"ayen ji mu Lọt rhe, ọ́mọ rẹ oniọvo rẹ Ebram, rọ dia Sodọm, vẹ eyenre rọye, ayen de kpo."
84,enana,56,,,,"Enana ke ye orua ri Noa. Noa kẹ ọvwata oruẹ, o vwo eka vwẹ orua rọye na-a; Noa da yan kpahọ Ọghẹnẹ."
85,obo,53,what,obo,obo,Kẹnẹ a ma odjúvwu vẹ akpọ́ kugbe obo re vọnrọ ejobi wan.
86,bru,53,,,,"Vwọ kẹ oma wẹn, ku wo rhivwi bru esẹ wẹn ra egberhẹnẹdẹ, ke shi we vẹ uyovwi esha hẹrẹhẹrẹ."
87,asan,51,June,asán,asán,"Ebram de ki otọ na re te asan re se Shikẹm, re te ọhahe ri Morẹh. Vwẹ ọke yena yẹ ihwo ri Kenan ji otọ na."
88,vwe,51,,,,"Nighe, orere rọ oboyi na kẹrobọ ra dje ra, o ke je havwe. Ju vwe djẹ kpo Etiyin - ọ dia ọhahavwe? - erhí mẹ kọ rhọ;"
89,nu,50,,,,Ẹ́dẹ ighwrẹ́ vwọ wan nu oghwe na de rhi ku akpọ na.
90,kpahe,49,about/on,kpahe,kpahe,"Fero da kpokpa kẹ ihwo rọye kpahe Ebram, ayen de suo ro ughere, te aye rọye kugbe ihwo ro vwori ejobi."
91,laban,47,,,,"Rebeka vwo oniọvo re se Laban; Laban da djẹ bru ohwo na, vwẹ obo ogbugbu na."
92,ẹ,46,,,,"Urhie da va phia vwẹ Idẹn rere ọrhuọrhuọ udju na, Etiyin ọ da jẹn eghọn ẹ́ne."
93,obọ,46,hand / Hand,obọ,obọ,"Ebruba kẹ Ọghẹnẹ ro Me Kpenu, rọ reyọ ivwighrẹ wẹn phihọ owẹ obọ. Ebram da vwẹ ẹkẹn ihwe rẹ ekuakua na ejobi kẹ."
94,ovwan,46,,,,"Vwọ kẹ ovwan, we vwiẹ ri we bu phihọ, we vwiẹ buebu vwẹ akpọ na ru we bu phihọ."
95,yanran,46,,,,"Die wọ vwọ tanẹ oníọvo mẹ? rọ da nẹrhẹ ovwẹ reyọ vwo ru aye? Nighe aye wẹn na, reyọ ru wọ yanran."
96,gba,45,tie / Tie,gbá,gbá,"Gba vwẹ urhé ri gofa kare ókọ̀, kare ivun phihọ okọ na, wọ nabọ pharọ te obevun te otafe vẹ orhọrhe."
97,ku,45,pour,ku,ku,Noa da dia ikpe urí ẹ́rha ọghwo te vwẹ ọke rẹ oghwe na vwo ku akpọ na.
98,ẹdẹ,45,day / Day,ẹdẹ,ẹdẹ,"Vwẹ ẹdẹ ọvuọvo na Noa vẹ emọ rọye, Shẹm vi Ham kugbe Jafẹt, aye ri Noa vẹ eya erha rẹ emọ rọye ejobi da ro evun rẹ okọ,"
99,nene,44,Mother,Nene,Nene,"Odẹ rẹ ọrẹsosuọ Pishọn, ọna re djẹ nene ubrotọ ri Havila, ra da mrẹ oro;"
100,uvwiẹ,44,generation,uvwiẹ,uvwiẹ,"Nighe, ke Me vẹ owẹ cha re ọphọ kugbe uvwiẹ wẹn rọ cha vwẹ obuko wẹn,"
101,vrẹn,44,,,,"Etiyin Ebram de vrẹn nẹ Ijipt, te ọye vẹ aye rọye, kugbe obo ro vwori ejobi, ọ vẹ Lọt usun, vwo kpo obi Nẹgẹb."
102,fiki,43,,,,"Fiki rẹ ọtiọye na ọsháre vwọ yan jẹn ọ́sẹ rọye vẹ oní rọye vwó kọ rhe gbanọ ayé rọye, ayen ke dia omá ọ́vo."
103,rha,43,Un-tie ; Loosen ; Un-tangle ; Un-do  knot,Rhá,Rhá,"Noa de vwó emeshare ẹ́rha, Shẹm, Ham kugbe Jafet."
104,ọmọtẹ,43,girl / Girl ; Daughter,ọ́mọ́tẹ,ọ́mọ́tẹ,Etiyin ọmọtẹ na da djẹ re gbe ikun rẹ emu nana ejobi kẹ ihwo rẹ uwevwi rẹ oni rọye.
105,kọ,42,Sow ( sow  a  seed ),Kọ,Kọ,"Fiki rẹ ọtiọye na ọsháre vwọ yan jẹn ọ́sẹ rọye vẹ oní rọye vwó kọ rhe gbanọ ayé rọye, ayen ke dia omá ọ́vo."
106,ọvo,42,one,ọvo,ọvo,Asakiephana akpọ na ejobi kẹ ephẹrẹ ọvo kugbe emeta tutuno.
107,evun,41,pregnancy,evun,evun,"Ẹkẹvuọvo ke Me vẹ owẹ re ọphọ; ko wọ cha ro evun rẹ ókọ̀ na, te owẹ te emọ wẹn, aye wẹn te eya rẹ emọ wẹn."
108,yan,41,walk/move / Walk / walk,yan,yan,"Fiki rẹ ọtiọye na ọsháre vwọ yan jẹn ọ́sẹ rọye vẹ oní rọye vwó kọ rhe gbanọ ayé rọye, ayen ke dia omá ọ́vo."
109,ivẹ,41,two,ívẹ,ívẹ,"Shẹm ke rhá rhe dia ro vwo vwiẹ Arpakshad nu ikpe uri ivẹ gbẹ ujori, o de vwiẹ emeshare vẹ emetẹ."
110,gbẹ,40,Clear  weeds  ;  un-weed  with  cutlass,Gbẹ,Gbẹ,"Ọtiọna kọye wo ruo: ugrogro rẹ ókọ̀ na kubit urí gbẹ ujori, ohẹhẹre rọye kubit ujuvẹ gbẹ ihwé, ekodo rọye kubit ọgban."
111,ighwrẹ,40,seven,íghwrẹ́,íghwrẹ́,"kugbe oka rẹ ephra ri obenu na ighwrẹ́ ivivẹ rhe, ọshare vẹ aye, rere ayen vwo jẹ ghwọrọ kakare nẹ enu rẹ akpọ na."
112,djẹ,39,run / Run,djẹ,djẹ,"Odẹ rẹ ọrẹsosuọ Pishọn, ọna re djẹ nene ubrotọ ri Havila, ra da mrẹ oro;"
113,uchuru,39,Products  of  animal  husbandary   ;,Uchuru,Uchuru,"te ayen kugbe eranvwe keranvwe, deranvwe doka, te uchuru duchuru doka rọye, dọphra doka rọye."
114,enu,38,up/top / Up,énu,énu,"Ọghẹnẹ da mrẹ akpọ na, nighe, o de gbeku; fikiridie uvwo ejobi gbeku tughu vwẹ enu rẹ akpọ na."
115,nighe,38,,,,"Ọghẹnẹ da mrẹ akpọ na, nighe, o de gbeku; fikiridie uvwo ejobi gbeku tughu vwẹ enu rẹ akpọ na."
116,vi,38,,,,"Vwẹ ẹdẹ ọvuọvo na Noa vẹ emọ rọye, Shẹm vi Ham kugbe Jafẹt, aye ri Noa vẹ eya erha rẹ emọ rọye ejobi da ro evun rẹ okọ,"
117,eranvwe,37,animal / meat,eránvwe,eránvwe,"te ayen kugbe eranvwe keranvwe, deranvwe doka, te uchuru duchuru doka rọye, dọphra doka rọye."
118,ame,37,water / Water,ame,ame,Ame na de reghe akpọ na ẹdẹ ujuvẹ gbẹ ihwé.
119,ebram,37,,,,"Ri Terah vwọ dia ikpe ujọ́rha gbẹ ihwe re, ọ da rhe dia ọsẹ rẹ Ebram, Nahọr, kugbe Haran."
120,rachel,37,,,,"Ọ da ta kẹ ayen, Oma rọye dori? Ayen da ta, O dori; nighere, Rachel rẹ ọmọtẹ rọye vẹ igodẹ re gba yan usun cha na;"
121,kenan,36,,,,"Ham, rẹ ọ́sẹ ri Kenan, da mrẹ ẹba rẹ ọsẹ rọye, o de rhi gbe ikun kẹ iniọvo rọye vwẹ otafe."
122,tanẹ,36,,,,"Die wọ vwọ tanẹ oníọvo mẹ? rọ da nẹrhẹ ovwẹ reyọ vwo ru aye? Nighe aye wẹn na, reyọ ru wọ yanran."
123,sa,35,shoot / Shoot,sa,sa,"Ọrovwohwo Ọghẹnẹ de ji urhi kẹ ohwo na, nẹ, Wọ sa re omamọ komamọ rẹ udju na obo ri jẹn we;"
124,ko,34,sew / Sew  ( with  a  sewing  machine ),ko,ko,"Kọye Ọrovwohwo Ọghẹnẹ da vwẹ ovwerhe rode vwó mu ohwo na, rọ vwọ vwerhẹ re ọ da reyọ ubiedada rọye ode ko di;"
125,gangan,34,,,,"Amé na de rhi bu gangan o de rhi reghe igbenu ride ejobi ri otọ rẹ akpọ na,"
126,ni,34,look,ni,ni,Ọ da rhoma siobọ nẹ inekuku ro re ni sẹ ame na kpọ nẹ otọ na re;
127,wa,34,pass (examination),wa,wa,"Mẹ́vwẹ ọrharha ro won ovwan, wa kẹ vwẹ otọ vwẹ ọgbẹ rẹ ovwan na, rere mi shi orivwi mẹ phihọ."
128,igodẹ,33,,,,Ebraham da reyọ upene rẹ igodẹ rẹ eya ighwrẹ vwẹ ohri rẹ uchuru rọye na phihọ orhọ.
129,owẹ,32,fishpond,owẹ,owẹ,"Ẹkẹvuọvo ke Me vẹ owẹ re ọphọ; ko wọ cha ro evun rẹ ókọ̀ na, te owẹ te emọ wẹn, aye wẹn te eya rẹ emọ wẹn."
130,evwerhẹ,32,dream,évwérhẹ,évwérhẹ,"O da vwerhẹ evwerhẹ mrẹ ugbaghala ro nẹ otọ re te odjuvwu, o vwo ni emakashe rẹ Ọghẹnẹ ki yere kpotọ kpenu vwọ."
131,yena,31,,,,"Ebram de ki otọ na re te asan re se Shikẹm, re te ọhahe ri Morẹh. Vwẹ ọke yena yẹ ihwo ri Kenan ji otọ na."
132,emetẹ,31,,,,"Shẹm ke rhá rhe dia ro vwo vwiẹ Arpakshad nu ikpe uri ivẹ gbẹ ujori, o de vwiẹ emeshare vẹ emetẹ."
133,eya,31,bet,eyá,eyá,"Ẹkẹvuọvo ke Me vẹ owẹ re ọphọ; ko wọ cha ro evun rẹ ókọ̀ na, te owẹ te emọ wẹn, aye wẹn te eya rẹ emọ wẹn."
134,kemu,31,,,,kemu kemu rọ otọ ọyaya na rọ vwẹ unwe nwẹn ejobi de ghwure.
135,ọtiọye,30,,,,"Fiki rẹ ọtiọye na ọsháre vwọ yan jẹn ọ́sẹ rọye vẹ oní rọye vwó kọ rhe gbanọ ayé rọye, ayen ke dia omá ọ́vo."
136,che,30,,,,"Ọke ro che vwo te otọ rẹ Ijipt re, ọ da ta kẹ Serai rẹ aye rọye, Me riẹnre nẹ wẹ aye vẹ erhuvwu siẹ re de ni we."
137,ọfa,30,another,ọ́fa,ọ́fa,"Ohwo ro sun ọbara rẹ ohwo te otọ, ohwo ọfa ji sun ọbara rọye te otọ, kidie Ọghẹnẹ ma ohwo vwẹ uhoho rọye."
138,idibo,30,,,,"Kọye Abimẹlẹk de vrẹn vwẹ irhiọke ride, o de se idibo rọye, o de gbe ikun nana ejobi kẹ ayen, oshọ de mu ayen gangan."
139,fikiridie,29,,,,"Etiyin ọsháre na da ta, Ọnana ubeku mẹ́ kugbe uvwo rẹ uvwo mẹ, ke se nẹ Ayé, fikiridie omá rẹ ọshare esiro nurhe."
140,herọ,29,,,,"kugbe eranvwe keranvwe ekpokpọ re vẹ owẹ gba herọ, uche ri nene uwe nẹ evun rẹ okọ na rhe."
141,orere,29,hare,orere,orere,"Kọye Ọrovwohwo da hra ayen nene enu rẹ akpọ na ejobi, ayen gbe bọn orere na ọfa-a."
142,ovie,29,king/traditional ruler,ovie,ovie,"Ọke rẹ Amrafel vwọ ovie ri Shinar, Ariọk ke ovíé re Elasai, Chedor-laomer kẹ ovie rẹ Elam, Tidal kẹ ovie ri Goiim,"
143,nyo,29,hear,nyo,nyo,"Abimẹlẹk da ta, Me riẹn ohwo ro ru emu nana-a; wọ ta kẹ vwẹ jovwo-o, mi ji nyo otá nana rhi te nonẹ na-a."
144,obaro,28,"front, forward",obáro,obáro,"Akpọ́ na de rhi gbeku vwẹ obaro rẹ Ọghẹnẹ, akpọ na ke je vọn vẹ ozighi."
145,ẹrhovwo,28,Prayer,Ẹrhovwo,Ẹrhovwo,"Ọ da nẹ ẹrhovwo kẹ tanẹ, Ebruba kẹ Ebram vwẹ oma rẹ Ọghẹnẹ ro Me Kpenu, rọ ma odjúvwu vẹ akpọ;"
146,rebeka,28,,,,Bẹtuẹl kọye ọsẹ ri Rebeka. Enana ẹrenren na Milkah vwiẹ kẹ Nahọr oniọvo rẹ Ebraham.
147,onini,28,master,onini,onini,Etiyin odibo na de phi obọ phihọ ekpoghowọ rẹ Ebraham rẹ onini rọye o de duvwu iyori fiki rẹ ota nana.
148,noa,27,,,,"Enana ke ye orua ri Noa. Noa kẹ ọvwata oruẹ, o vwo eka vwẹ orua rọye na-a; Noa da yan kpahọ Ọghẹnẹ."
149,rhoma,27,again,rhoma,rhoma,Ọ da rhoma siobọ nẹ inekuku ro re ni sẹ ame na kpọ nẹ otọ na re;
150,ghwu,27,die / Die,ghwù,ghwù,Ẹdẹ rẹ akpọ ri Noa ejobi da dia ikpe uri ẹ́ne gbẹ ujughwrẹ gbẹ ihwe o de ghwu.
151,si,26,write / Write / write (imp.),si,si,"ame na de si reyọ kọke kọke. Vwẹ oba rẹ ẹdẹ ujori gbẹ ujuvẹ gbẹ ihwé re, ame na da rhe kpọ;"
152,odibo,26,servant,odibo,odibo,Etiyin odibo na de phi obọ phihọ ekpoghowọ rẹ Ebraham rẹ onini rọye o de duvwu iyori fiki rẹ ota nana.
153,jẹn,25,,,,"Urhie da va phia vwẹ Idẹn rere ọrhuọrhuọ udju na, Etiyin ọ da jẹn eghọn ẹ́ne."
154,ọphọ,25,,,,"Ẹkẹvuọvo ke Me vẹ owẹ re ọphọ; ko wọ cha ro evun rẹ ókọ̀ na, te owẹ te emọ wẹn, aye wẹn te eya rẹ emọ wẹn."
155,hwe,25,"kill, break (of glass, bottles, etc)",hwe,hwe,"Me vẹ owẹ ke re ọphọ, ne Me gbe cha vwẹ ame rẹ oghwe vwo hwe uvwo ejobi ọfa eyẹ vwọ vwẹ oghwe vwọ ghwọrọ akpọ na ọfa-a."
156,eyẹ,25,,,,"Me vẹ owẹ ke re ọphọ, ne Me gbe cha vwẹ ame rẹ oghwe vwo hwe uvwo ejobi ọfa eyẹ vwọ vwẹ oghwe vwọ ghwọrọ akpọ na ọfa-a."
157,lọt,25,,,,"Enana keye uvwiẹ ri Terah. Terah ọye ọsẹ rẹ Ebram, Nahọr kugbe Haran; Haran kọye ọsẹ ri Lọt."
158,vwi,25,stone,vwi,vwi,"Ẹdẹ rẹ akpọ ri Terah ejobi da dia ikpe uri gbe iyórĩ, Terah de ghwu vwi Haran."
159,leah,25,,,,"Ibiẹro ri Leah pha rhukpu rhukpu, ẹkẹvuọvo ọ ri Rachel pha sasasa yoyovwi."
160,izrẹl,25,,,,Ọ da so agbada phihọ Etiyin o de se odẹ rọye El-Elohe Izrẹl.
161,wan,24,,,,Kẹnẹ a ma odjúvwu vẹ akpọ́ kugbe obo re vọnrọ ejobi wan.
162,abimẹlẹk,24,,,,"Ebraham da ta kẹ Sera rẹ aye rọye, Wẹ oniọvo mẹ, Abimẹlẹk ovie ri Gẹra de ji ukọ ra reyọ Sera."
163,ọshare,23,man / Man,ọ́share,ọ́share,ubiedada rẹ Ọrovwohwo Ọghẹnẹ reyọre nẹ omá rẹ ọsháre rhe na o da vwọ ma ayé ọ da reyọ vwọ kẹ ọshare na.
164,ọnana,23,,,,"Etiyin ọsháre na da ta, Ọnana ubeku mẹ́ kugbe uvwo rẹ uvwo mẹ, ke se nẹ Ayé, fikiridie omá rẹ ọshare esiro nurhe."
165,kirobo,23,,,,"ivivẹ ọshare kugbe aye, vẹ Noa da ro evun rẹ okọ na, kirobo rẹ Ọghẹnẹ dje kẹ Noa."
166,erha,23,three / Three / Three (3),Erha,Erha,"Vwẹ ẹdẹ ọvuọvo na Noa vẹ emọ rọye, Shẹm vi Ham kugbe Jafẹt, aye ri Noa vẹ eya erha rẹ emọ rọye ejobi da ro evun rẹ okọ,"
167,ihwe,23,ten,íhwe,íhwe,"Noa da rhoma dia akpọ na ikpe uri gbẹ ujughwrẹ gbẹ ihwe, vwẹ ọke rẹ oghwe na vwo kunu."
168,keye,23,,,,Enana ẹ́rha na keye emọ ri Noa; enana erha na keye ri vwiẹ akpọ na soso.
169,uyovwi,23,head,uyovwi,uyovwi,"Vwọ kẹ oma wẹn, ku wo rhivwi bru esẹ wẹn ra egberhẹnẹdẹ, ke shi we vẹ uyovwi esha hẹrẹhẹrẹ."
170,mẹvwẹ,23,I  am,Mẹvwẹ,Mẹvwẹ,"Rẹ imu nana ejobi vwọ wan nu Ọghẹnẹ da davwe Ebraham ni, ọ da ta kẹ, Ebraham; O de nyo nẹ, Mẹvwẹ na."
171,ota,23,speech/word / Speech,otá,otá,Etiyin odibo na de phi obọ phihọ ekpoghowọ rẹ Ebraham rẹ onini rọye o de duvwu iyori fiki rẹ ota nana.
172,phia,22,,,,"Urhie da va phia vwẹ Idẹn rere ọrhuọrhuọ udju na, Etiyin ọ da jẹn eghọn ẹ́ne."
173,sera,22,,,,"Ọghẹnẹ da ta kẹ Ebraham, Vwọ kẹ Serai rẹ aye wẹn, wo gbi se Serai ọfa-a, ẹkẹvuọvo Sera kọye dia odẹ rọye."
174,nọ,22,ask / Ask,nọ,nọ,"O de mu emu kẹ nọ re, ẹkẹvuọvo ọ da ta, Me sa re emu re bẹsiẹ Me vwọ yan uwevwi mẹ nu. O da ta, Gba ta."
175,unu,21,hole / Hole   ;  mouth,unu,unu,"Je reyọ obo rẹ unu ria demu doka rọye, ghwẹ ayen koko wọ nabọ sẹro rayen; kọ dia emú kẹ wẹ́ vẹ ayen."
176,owẹvwe,21,hunger,owẹvwe,owẹvwe,Vwẹ ọke nana owẹvwe de rhi fi vwẹ otọ na. Etiyin Ebram de kpo Ijipt ra dia fikiridie owẹvwe na firi gangan vwẹ otọ na.
177,ọrovwovwe,21,,,,"Ọ da ta, Da, ọrovwovwe; o de wo ochẹ na kpata kpata, ọ da vwẹ ame kẹ da."
178,imoni,21,,,,"ọ da ta, Me rẹ ovwan, imoni mẹ, we ruẹ emu umwemwu tiọnana-a."
179,emeshare,20,,,,"Noa de vwó emeshare ẹ́rha, Shẹm, Ham kugbe Jafet."
180,rhivwi,20,return,rhívwi,rhívwi,"Vwọ kẹ oma wẹn, ku wo rhivwi bru esẹ wẹn ra egberhẹnẹdẹ, ke shi we vẹ uyovwi esha hẹrẹhẹrẹ."
181,vwerhẹ,19,sleep / Sleep,vwerhẹ,vwerhẹ,"Kọye Ọrovwohwo Ọghẹnẹ da vwẹ ovwerhe rode vwó mu ohwo na, rọ vwọ vwerhẹ re ọ da reyọ ubiedada rọye ode ko di;"
182,phi,19,,,,Etiyin odibo na de phi obọ phihọ ekpoghowọ rẹ Ebraham rẹ onini rọye o de duvwu iyori fiki rẹ ota nana.
183,jẹ,19,Pick ; Selecting  in  turns,Jẹ,Jẹ,"kugbe oka rẹ ephra ri obenu na ighwrẹ́ ivivẹ rhe, ọshare vẹ aye, rere ayen vwo jẹ ghwọrọ kakare nẹ enu rẹ akpọ na."
184,buebu,19,Many ;  Plenty  ;  a  lot. / plenty,buebu,buebu,"Vwọ kẹ ovwan, we vwiẹ ri we bu phihọ, we vwiẹ buebu vwẹ akpọ na ru we bu phihọ."
185,obuko,19,"back, behind",obúko,obúko,"Nighe, ke Me vẹ owẹ cha re ọphọ kugbe uvwiẹ wẹn rọ cha vwẹ obuko wẹn,"
186,usun,19,,,,"Etiyin Ebram de vrẹn nẹ Ijipt, te ọye vẹ aye rọye, kugbe obo ro vwori ejobi, ọ vẹ Lọt usun, vwo kpo obi Nẹgẹb."
187,vwori,19,,,,"Fero da kpokpa kẹ ihwo rọye kpahe Ebram, ayen de suo ro ughere, te aye rọye kugbe ihwo ro vwori ejobi."
188,opharo,19,face,opháro,opháro,"Ayen da dia nẹ Havilah rhi te Shur, ro hirhe opharo ku Ijipt vwẹ ọke re de kpo Asiria; ọ da dia hirhe úko ku ihwo rọye."
189,nure,19,,,,"Ẹkẹvuọvo Ebram da ta kẹ ovie ri Sodọm, Mi vẹ kẹ Ọrovwohwo Ọghẹnẹ ro Me Kpenu nure, ọ rọ ma odjúvwu vẹ akpọ,"
190,riẹn,19,,,,"Ẹkẹvuọvo ọ da ta, E Ọrovwohwo Ọghẹnẹ, komavọ mi ru riẹn nẹ mi che vwo otọ na?"
191,ason,19,night / darkness,asón,asón,"ayen de se Lọt, nẹ, Ke eshare ri wo uwevwi wẹn ason na rhọ? Reyọ ayen phia kẹ avwanre, rere avwanre vughe ayen."
192,iyesi,19,horse / Horse,iyési,iyési,"Ọke rọ vwọ ke da nu, ọ da ta, Mi ji vo kẹ iyesi wẹn na rere ayen je da."
193,juda,19,,,,"Emọ ri Leah Rubẹn (owanra ri Jekọp), Simiọn, Livae, Juda, Isaka, kugbe Zẹbulọn."
194,emesẹ,19,,,,Kọye ihwe rẹ emesẹ ri Josẹf da yanran kpo Ijipt ra dẹ oka.
195,dẹ,18,Buy,Dẹ,Dẹ,Ẹ́dẹ ighwrẹ́ vwọ wan nu oghwe na de rhi ku akpọ na.
196,uvwre,18,midst,uvwré,uvwré,"Ọghẹnẹ da ta ki Noa, Ọnana kẹ oka rẹ ọphọ na ri mi vwo mu vwẹ uvwre mẹ kugbe uvwo ejobi rọ enu rẹ akpọ na."
197,uri,18,two hundred / Two   hundred / Two  hundred,urí,urí,"Noa da rhoma dia akpọ na ikpe uri gbẹ ujughwrẹ gbẹ ihwe, vwẹ ọke rẹ oghwe na vwo kunu."
198,abọ,18,,,,"Ọke rẹ ihwo vwọ kua nẹ abọ rẹ ọnre da vacha re, ayen da rhe mrẹ uphephe ọvo vwẹ otọ ri Shinar ayen da dia Etiyin."
199,ovwẹ,18,,,,"Die wọ vwọ tanẹ oníọvo mẹ? rọ da nẹrhẹ ovwẹ reyọ vwo ru aye? Nighe aye wẹn na, reyọ ru wọ yanran."
200,etinẹ,18,here,etinẹ,etinẹ,"Etiyin Jekọp de gbunie rhọvwọ nẹ ovwerhẹ rhe ọ da ta, Omuẹro nẹ Ọrovwohwo etinẹ na, ye Me gbe riẹ-ẹn."
201,obọrhe,17,right hand,obọ́rhe,obọ́rhe,"Odẹ rẹ urhie rerha ki Tigris, rọ djẹ nene obọrhe rẹ Asira. Urhie rẹne ki Yufretis."
202,ghwẹ,17,pack (things),ghwẹ,ghwẹ,"Je reyọ obo rẹ unu ria demu doka rọye, ghwẹ ayen koko wọ nabọ sẹro rayen; kọ dia emú kẹ wẹ́ vẹ ayen."
203,chekọ,17,,,,o de phi uvwre rẹ oyan rẹ ẹdọke erha vwọ kẹ oma rọye vi Jekọp; Jekọp da ghẹrẹ igodẹ ri Laban ri chekọ.
204,ọvuọvo,17,same,ọvuọvo,ọvuọvo,"Vwẹ ẹdẹ ọvuọvo na Noa vẹ emọ rọye, Shẹm vi Ham kugbe Jafẹt, aye ri Noa vẹ eya erha rẹ emọ rọye ejobi da ro evun rẹ okọ,"
205,ekru,17,bundle / Bundle,ekru,ekru,"ẹkẹvuọvo kpo uwevwi rẹ ọsẹ mẹ kugbe ekru mẹ, ra reyọ aye kẹ ọmọ mẹ."
206,kiri,17,,,,"Mi ru uvwiẹ wẹn bu kiri ibiekpẹn rẹ otọ na, kọye ohwo de se kere ibiekpẹn rẹ otọ na, ko ji se kere uvwiẹ wẹn."
207,kẹrẹ,17,"near, next, by",kẹrẹ́,kẹrẹ́,"Ebram da dia otọ ri Kenan, yi Lọt ra dia uherevie rẹ irere rẹ ushekpotọ na, o de mu erhọ kẹrẹ Sodọm."
208,oni,17,mother / Mother,óni,óni,Etiyin ọmọtẹ na da djẹ re gbe ikun rẹ emu nana ejobi kẹ ihwo rẹ uwevwi rẹ oni rọye.
209,pha,16,,,,oro rẹ otọ na pha yoyovwi; bideliọm vẹ oragha rẹ oniks; je otọ na rhe.
210,ivun,16,,,,"Gba vwẹ urhé ri gofa kare ókọ̀, kare ivun phihọ okọ na, wọ nabọ pharọ te obevun te otafe vẹ orhọrhe."
211,dje,16,spray (somebody with medicine by mouth),dje,dje,Noa de ru ọna; o de ru emú ejobi rẹ Ọghẹnẹ dje kẹ nẹ o ru.
212,gbi,16,,,,"Ebram da ta ki Lọt, E gbi jẹ oseghe dia uvwre wẹ vẹ ọmẹ-ẹ kugbe uvwre rẹ isuigodẹ wẹn vẹ emẹ-ẹ, kidie avwanre iniọvo."
213,asakiephana,16,,,,Asakiephana akpọ na ejobi kẹ ephẹrẹ ọvo kugbe emeta tutuno.
214,mie,16,take,mie,mie,"Etiyin o de mie ayen eyenre na ejobi, ọ da reyọ Lọt omoni rọye vẹ eyenre rọye, kugbe eya na vẹ ihwo na ejobi."
215,ruẹ,16,,,,"O de se Ọrovwohwo gbuyota, o de kere vwọ kẹ nẹ ọvwata o ruẹ."
216,dianẹ,16,,,,"Abimẹlẹk da ta, Ọna didi emu wo ru avwanre na? Ọ dianẹ kẹ ọvo vwẹ usu rẹ avwanre na vwẹ oma te, yọ nẹrhẹ avwanre riabe."
217,ghwa,16,Gift  for  good  performance  e.g.  dancing,Ghwá,Ghwá,"Die wọ vwọ bẹbẹ djẹ, wọ vwọ ghwa vwẹ re, ru wo vwo ju vwe ẹvuẹ, rere Me heha kẹ wẹ vẹ ekpata kugbe isoroguun?"
218,ilori,16,,,,"Enana eye ilori rẹ emọ rẹ Isọ. Emọ rẹ Elifaz rẹ ọwanra rẹ Isọ: ilori na ke ena; Timan, Omar, Zefo, Kenaz,"
219,kpenu,15,high,kpénu,kpénu,ẹkẹvuọvo evwru kọye di muẹ nẹ otọ na kpenu ọ Me rhe kpọrhọ otọ na ejobi -
220,yẹ,15,,,,"Te ọshare na ve ayé rọye da ban phihọ, yẹ oma vo aye-en."
221,koko,15,Gather,Koko,Koko,"Je reyọ obo rẹ unu ria demu doka rọye, ghwẹ ayen koko wọ nabọ sẹro rayen; kọ dia emú kẹ wẹ́ vẹ ayen."
222,ẹgborho,15,many towns grouped together,ẹ́gbórho,ẹ́gbórho,"Ki mi ru we vwọ dia ẹgborho buebu, ki mi bruphihọ kẹ wẹ, ki mi ru odẹ wẹn rho, eriyin na ku wọ dia ebruphihọ."
223,shikẹm,15,,,,"Ebram de ki otọ na re te asan re se Shikẹm, re te ọhahe ri Morẹh. Vwẹ ọke yena yẹ ihwo ri Kenan ji otọ na."
224,ga,15,serve / Serve  ;  Worship,ga,ga,"Ikpe ihwivẹ soso ọ́ye ayen ga Chedor-laomer, ẹkẹvuọvo ikpe rẹ ihwerha re, ophu de rhi mu ayen kpahọ."
225,shi,15,bury,shi,shi,"Vwọ kẹ oma wẹn, ku wo rhivwi bru esẹ wẹn ra egberhẹnẹdẹ, ke shi we vẹ uyovwi esha hẹrẹhẹrẹ."
226,mrevun,15,,,,Enẹ kọye emetẹ ri Lọt ivẹ na wan oma rẹ ọsẹ rayen mrevun.
227,didi,15,,,,"Abimẹlẹk da ta, Ọna didi emu wo ru avwanre na? Ọ dianẹ kẹ ọvo vwẹ usu rẹ avwanre na vwẹ oma te, yọ nẹrhẹ avwanre riabe."
228,ma,14,mould,ma,ma,Kẹnẹ a ma odjúvwu vẹ akpọ́ kugbe obo re vọnrọ ejobi wan.
229,vo,14,draw (e.g. water out of well) / Fetch      e.g....,vo,vo,"Ọrovwohwo Ọghẹnẹ da ta, Oyoma rere ọsháre ọ́vo vwọ dia sogono-o, Me ma ọchuko ro fori vwọ kẹ."
230,okọ,14,boat/canoe,okọ,okọ,"Gba vwẹ urhé ri gofa kare ókọ̀, kare ivun phihọ okọ na, wọ nabọ pharọ te obevun te otafe vẹ orhọrhe."
231,kpare,14,lift,kpare,kpare,"Oghwe na de ku ẹ́dẹ ujuvẹ vwẹ enu rẹ akpọ na, amé na de bu phihọ, o de mu okọ na kpenu, ọ da kpare kpenu phenephene."
232,oshọ,14,fear,oshọ,oshọ,"Rẹ ọnre vwo kpotọ re, ovwerhẹ rode de mu Ebram, o vwo ni, oshọ rode vẹ egho de rhi rhuro."
233,nahọr,14,,,,"Ri Serug vwọ dia ikpe ọgban re, ọ da rhe dia ọsẹ ri Nahọr,"
234,bruphihọ,14,,,,"Ki mi ru we vwọ dia ẹgborho buebu, ki mi bruphihọ kẹ wẹ, ki mi ru odẹ wẹn rho, eriyin na ku wọ dia ebruphihọ."
235,ekuakua,14,property,ekuakua,ekuakua,"Kọye ivwighrẹ na da ghwẹ ekuakua ri Sodọm vi Gomora reyọ, kugbe emuọre rayen ejobi ayen da yanran kpo,"
236,die,14,what,dié,dié,"Etiyin Fero de se Ebram, ọ da ta, Ọnana die wo ru kẹ vwẹ na? Kidie wọ gbe ta kẹ vwẹ nẹ aye wẹ-ẹn?"
237,ka,14,,,,"Te ọ re vwiẹri vwẹ uwévwi wẹn kugbe ọ ra vwẹ ighó dẹ, ka yanvwọ. Kọye ọphọ mẹ na kọ dia oma wẹn dia ọphọ re rara."
238,nonẹ,14,Today,Nonẹ,Nonẹ,"Ọ rẹ otete de ji vwiẹ ọ́mọsháre, o de se odẹ rọye Ben-ammi, kọye ọsẹ rẹ ihwo rẹ Ammọn rhi te nonẹ na."
239,rọvwọ,14,marry,rọvwọ,rọvwọ,"Ọ da dia ághwá ri Paran, oní rọye da reyọ ọ́mọtẹ́ rẹ Ijipt vwọ kẹ vwọ rọvwọ"
240,urhie,13,river / Sea/river/ocean,urhié,urhié,"Urhie da va phia vwẹ Idẹn rere ọrhuọrhuọ udju na, Etiyin ọ da jẹn eghọn ẹ́ne."
241,eye,13,,,,"Enana eye ilori rẹ emọ rẹ Isọ. Emọ rẹ Elifaz rẹ ọwanra rẹ Isọ: ilori na ke ena; Timan, Omar, Zefo, Kenaz,"
242,eka,13,Curse,Eka,Eka,"Enana ke ye orua ri Noa. Noa kẹ ọvwata oruẹ, o vwo eka vwẹ orua rọye na-a; Noa da yan kpahọ Ọghẹnẹ."
243,ujori,13,One  hundred,Ujori,Ujori,"Ọtiọna kọye wo ruo: ugrogro rẹ ókọ̀ na kubit urí gbẹ ujori, ohẹhẹre rọye kubit ujuvẹ gbẹ ihwé, ekodo rọye kubit ọgban."
244,ujuvẹ,13,forty / Forty,ujúvẹ,ujúvẹ,"Ọtiọna kọye wo ruo: ugrogro rẹ ókọ̀ na kubit urí gbẹ ujori, ohẹhẹre rọye kubit ujuvẹ gbẹ ihwé, ekodo rọye kubit ọgban."
245,agbada,13,bridge / Bridge,agbada,agbada,"Ebram da ghwiẹ utughẹ rọye, ọ da rhe dia kẹrẹ ọhahe ri Mamre, rọ kẹrẹ Hebrọn, kẹ Etiyin ọ da so agbada kẹ Ọrovwohwo."
246,bu,13,be plentiful,bu,bu,"Oghwe na de ku ẹ́dẹ ujuvẹ vwẹ enu rẹ akpọ na, amé na de bu phihọ, o de mu okọ na kpenu, ọ da kpare kpenu phenephene."
247,ẹsosuọ,13,First  ;  Beginning,Ẹsosuọ,Ẹsosuọ,"Noa kọye ọghwẹrẹ rẹ ẹsosuọ rọ tu voro otọ na. Ọ da kọn ogbá ri vain,"
248,muo,13,Carry,Muo,Muo,"ọ da da udi ri vain na, udi de muo, o de shevwerhẹ otọ rẹ utughẹ rọye vẹ ẹbẹba."
249,epha,13,"oracle, divination / Oracle",epha,epha,"Kẹ ọtiọye mi epha, uvo mu vwe kẹdẹ kẹdẹ, ekpae kason kason, ovwerhẹ rẹ obọ mẹ da mrẹ vwẹ djẹ"
250,oboyi,13,,,,"Nighe, orere rọ oboyi na kẹrobọ ra dje ra, o ke je havwe. Ju vwe djẹ kpo Etiyin - ọ dia ọhahavwe? - erhí mẹ kọ rhọ;"
251,hẹt,13,,,,"ihwo ri Hẹt, ihwo ri Pẹriz, ihwo ri Rifrem,"
252,bro,13,Cut  it.,Bro,Bro,"Eriyin odibo na da djẹ bro, ọ da ta, Biko kẹ vwẹ ama ame rẹ ochẹ wẹn na da."
253,ishmael,13,,,,"Ebraham da ta kẹ Ọghẹnẹ, E mane ke wan rhọvwe nẹ Ishmael dia obaro wẹn vwonẹ;"
254,tare,13,,,,"Ọ da ta kẹ, Nighe, Me je rhọvwe oyare nana kẹ wẹ rhe, Me gbe ghwọrọ orere na ro wọ tare na-a."
255,ọmọshare,13,boy / Boy ;  Son,ọ́mọ́share,ọ́mọ́share,Bilhah da mrevun o de vwiẹ ọmọshare ki Jekọp.
256,ọna,12,,,,"Odẹ rẹ ọrẹsosuọ Pishọn, ọna re djẹ nene ubrotọ ri Havila, ra da mrẹ oro;"
257,oro,12,gold / Gold,oro,oro,"Odẹ rẹ ọrẹsosuọ Pishọn, ọna re djẹ nene ubrotọ ri Havila, ra da mrẹ oro;"
258,rhie,12,open,rhie,rhie,"Vwẹ ẹdẹ ujuvẹ vwọ wan nu Noa de rhie evakpo rẹ okọ na rọ kare na,"
259,bẹsiẹ,12,,,,"o de siobọ nẹ okpemu, o da rhá kpenẹ kpenẹ bẹsiẹ rẹ ame na rhe vwọ kpọ nẹ akpọ na."
260,uwe,12,thorn,úwe,úwe,"kugbe eranvwe keranvwe ekpokpọ re vẹ owẹ gba herọ, uche ri nene uwe nẹ evun rẹ okọ na rhe."
261,ọviẹn,12,,,,"ọ da ta, Eka ki Kenan, ọviẹn rẹ ọviẹn wọ dia kẹ iniọvo wẹn."
262,bẹtẹl,12,,,,"O de vrẹn nẹ Nẹgẹb ọ da yan rhiri re te Bẹtẹl, re te asan rọ bọn utughẹ rọye phihọ ẹsosuọ, uvwre ri Bẹtẹl vẹ Ai,"
263,ẹro,12,eye / Eye,ẹro,ẹro,"Ayen da vwẹ egho rhurhu ihwo ri bi koko anurhoro na ẹro, te emọ te ekpako, ki ruẹ rhurhu vwẹ abọ guọnọ anurhoro."
264,iyori,12,curse,iyori,iyori,Etiyin odibo na de phi obọ phihọ ekpoghowọ rẹ Ebraham rẹ onini rọye o de duvwu iyori fiki rẹ ota nana.
265,jovwo,12,leave off,jovwo,jovwo,"Ọrovwohwo de bru Sera rhe kirobo rọ ta kẹ jovwo, Ọrovwohwo de ru kẹ Sera kirobo ro vẹ kẹ."
266,mudia,12,stand,mudia,mudia,"Ebraham da yan vwẹ irhiọke ride vwo kpo asan ro de mudia vwẹ obaro rẹ Ọrovwohwo na,"
267,orivwi,12,corpse,orivwi,orivwi,"Ebraham de vrẹn nẹ asan orivwi na, o da ta kẹ ihwo ri Hẹt na,"
268,onotu,12,commissioner/minister,onótu,onótu,Abimẹlẹk da yan ni Gẹra bro ra ọ vẹ Ahuzath re ọbuiroro rọye kugbe Fikol rẹ onotu rẹ ofovwi rọye.
269,viẹ,12,cry / Weep  ;  Cry  ; Grief,viẹ,viẹ,Sera de ghwu vwi Kiriatharba (kọye Hebrọn) vwẹ otọ ri Kenan. Ebraham de vweri Sera ọ da viẹ kẹ.
270,kpata,12,,,,"Ọ da ta, Da, ọrovwovwe; o de wo ochẹ na kpata kpata, ọ da vwẹ ame kẹ da."
271,idjerhe,12,road / Road,idjérhe,idjérhe,"Etiyin Rachel de ghwu, e de sho vwẹ idjerhe rẹ Efrat (kọye Bẹtlẹhẹm),"
272,igho,12,money / Money,igho,igho,Ọ dianẹ avwanre họhọ ọrharha vwọ kẹ? Fikiridie ọ shẹ avwanre nure ọ ke je re igho rẹ avwanre nure.
273,ewun,12,shirt,éwun,éwun,"Etiyin ayen da reyọ ewun ri Josẹf, ayen de hwe ẹvwe, ayen da vwẹ ewun na gbunie ọbara na,"
274,ne,11,"excrete, pass out faeces / Pass   feces",ne,ne,"Urhie da va phia vwẹ Idẹn rere ọrhuọrhuọ udju na, Etiyin ọ da jẹn eghọn ẹ́ne."
275,keranvwe,11,,,,"te ayen kugbe eranvwe keranvwe, deranvwe doka, te uchuru duchuru doka rọye, dọphra doka rọye."
276,rode,11,big,rode,rode,"Kọye Ọrovwohwo Ọghẹnẹ da vwẹ ovwerhe rode vwó mu ohwo na, rọ vwọ vwerhẹ re ọ da reyọ ubiedada rọye ode ko di;"
277,ọgban,11,horn,ọgban,ọgban,"Ọtiọna kọye wo ruo: ugrogro rẹ ókọ̀ na kubit urí gbẹ ujori, ohẹhẹre rọye kubit ujuvẹ gbẹ ihwé, ekodo rọye kubit ọgban."
278,ghwọrọ,11,waste,ghwọrọ,ghwọrọ,"kugbe oka rẹ ephra ri obenu na ighwrẹ́ ivivẹ rhe, ọshare vẹ aye, rere ayen vwo jẹ ghwọrọ kakare nẹ enu rẹ akpọ na."
279,iri,11,,,,"Eránvwe ri tete omá, kugbe iri gbe oma, te ephra, te obo ri kpono vwẹ otọ na,"
280,so,11,tap,so,so,"Ebram da ghwiẹ utughẹ rọye, ọ da rhe dia kẹrẹ ọhahe ri Mamre, rọ kẹrẹ Hebrọn, kẹ Etiyin ọ da so agbada kẹ Ọrovwohwo."
281,utughẹ,11,hut / Hut,útughẹ,útughẹ,"ọ da da udi ri vain na, udi de muo, o de shevwerhẹ otọ rẹ utughẹ rọye vẹ ẹbẹba."
282,tavwe,11,,,,"Oniọvo rọye kugbe oni rọye da tanẹ, Jẹn ọmọ na hẹrhẹ tavwe, kiri emu rẹ ason ihwe; rẹ ẹdẹ na da wan nu ro ki kpo."
283,sodọm,11,,,,"Ebram da dia otọ ri Kenan, yi Lọt ra dia uherevie rẹ irere rẹ ushekpotọ na, o de mu erhọ kẹrẹ Sodọm."
284,kere,11,count,kere,kere,"Mi ru uvwiẹ wẹn bu kiri ibiekpẹn rẹ otọ na, kọye ohwo de se kere ibiekpẹn rẹ otọ na, ko ji se kere uvwiẹ wẹn."
285,eshare,11,,,,"ayen de se Lọt, nẹ, Ke eshare ri wo uwevwi wẹn ason na rhọ? Reyọ ayen phia kẹ avwanre, rere avwanre vughe ayen."
286,vughe,11,know/recognise / Recognise,vughe,vughe,"ayen de se Lọt, nẹ, Ke eshare ri wo uwevwi wẹn ason na rhọ? Reyọ ayen phia kẹ avwanre, rere avwanre vughe ayen."
287,ju,11,,,,"Nighe, orere rọ oboyi na kẹrobọ ra dje ra, o ke je havwe. Ju vwe djẹ kpo Etiyin - ọ dia ọhahavwe? - erhí mẹ kọ rhọ;"
288,idọm,11,,,,"Jekọp de ji ikọ bru Isọ rẹ oniọvo rọye ra vwẹ otọ ri Seir rẹ orho rẹ Idọm,"
289,ipe,11,,,,"igodẹ na de vwiẹ vwẹ obaro rẹ oghọ rẹ urhé ro keri ipe na, ẹvo de vwiẹ iri vẹ ipe efuanfon, ẹvo vẹ irhiẹ efa ibiebi."
290,sẹro,10,,,,Ọrovwohwo Ọghẹnẹ da reyọ ohwo na o de phio phihọ udju rẹ Idẹn na rere ọ sẹro rọye.
291,i,10,expresses sad feelings,í,í,"Ebraham da ta kẹ nẹ, E ja mrẹ nẹ wọ rhoma reyọ ọmọ mẹ kpo oboyi-i."
292,ye,10,,,,"Enana ke ye orua ri Noa. Noa kẹ ọvwata oruẹ, o vwo eka vwẹ orua rọye na-a; Noa da yan kpahọ Ọghẹnẹ."
293,rhọ,10,rain,rhọ,rhọ,Osio da rhọ phihọ akpọ uvó ujuvẹ kugbe asón ujuvẹ.
294,siobọ,10,,,,"o de siobọ nẹ okpemu, o da rhá kpenẹ kpenẹ bẹsiẹ rẹ ame na rhe vwọ kpọ nẹ akpọ na."
295,sun,10,,,,"Ohwo ro sun ọbara rẹ ohwo te otọ, ohwo ọfa ji sun ọbara rọye te otọ, kidie Ọghẹnẹ ma ohwo vwẹ uhoho rọye."
296,haran,10,,,,"Ri Terah vwọ dia ikpe ujọ́rha gbẹ ihwe re, ọ da rhe dia ọsẹ rẹ Ebram, Nahọr, kugbe Haran."
297,mọ,10,produce,mọ,mọ,"Serai kẹ ẹga, o vwiẹ ọ́mọ-ọ."
298,ugbenu,10,mountain/hill / Hill,ugbenu,ugbenu,"Jekọp de ze izobo vwẹ enu rẹ ugbenu na o de se ihwo rọye nẹ iri re emu, ayen da re ayen da vwerhẹ enu rẹ ugbenu na."
299,oyan,10,walk/movement,óyan,óyan,Ebram da rhoma mu oyan họ ọ da garo vi obi Nẹgẹb.
300,riẹnre,10,,,,"Ọke ro che vwo te otọ rẹ Ijipt re, ọ da ta kẹ Serai rẹ aye rọye, Me riẹnre nẹ wẹ aye vẹ erhuvwu siẹ re de ni we."
301,yovwi,10,,,,"Gba ta kẹ ayen nẹ wẹ oníọvo mẹ́, rere o vwo yovwi kẹ vwẹ fiki wẹ, rere Me mrasan rhọ fiki wẹ."
302,ẹn,10,,,,"Etiyin Fero de se Ebram, ọ da ta, Ọnana die wo ru kẹ vwẹ na? Kidie wọ gbe ta kẹ vwẹ nẹ aye wẹ-ẹn?"
303,vuẹ,10,tell / Tell     him/her,vuẹ́,vuẹ́,"Ẹdẹ yena vuọvo na idibo rẹ Aizik da rhe vuẹ kpahe orhare rẹ ayen tọnre, ayen da ta ke, Avwanre mrẹ ame re."
304,ẹkẹn,10,,,,"Ebruba kẹ Ọghẹnẹ ro Me Kpenu, rọ reyọ ivwighrẹ wẹn phihọ owẹ obọ. Ebram da vwẹ ẹkẹn ihwe rẹ ekuakua na ejobi kẹ."
305,u,10,,,,"nẹ Me sa reyọ ogẹ rẹ oruru-u, eyẹ úfi rẹ isabatoo, eyẹ kemu kemu rọ dia ọwẹ-ẹn, wọ da rha tanẹ, Mẹ́vwẹ nẹrhẹ Ebram fe."
306,irhiọke,10,,,,"Ebraham da yan vwẹ irhiọke ride vwo kpo asan ro de mudia vwẹ obaro rẹ Ọrovwohwo na,"
307,otete,10,small,ótete,ótete,"Ọ rẹ otete de ji vwiẹ ọ́mọsháre, o de se odẹ rọye Ben-ammi, kọye ọsẹ rẹ ihwo rẹ Ammọn rhi te nonẹ na."
308,orhare,10,well / A   Well,orhare,orhare,"Etiyin Ọghẹnẹ de rhie ẹro rọye, ọ da mrẹ orhare rẹ ame, ọ da yanran, re vo ame vọn ophiẹn rọye, ọ da vwọ kẹ ọmọ na da."
309,duvwu,10,pound,duvwu,duvwu,Etiyin odibo na de phi obọ phihọ ekpoghowọ rẹ Ebraham rẹ onini rọye o de duvwu iyori fiki rẹ ota nana.
310,ena,10,,,,"Sera tọnre ọ da dia akpọ ikpe ujosa gbẹ ighwrẹ, ena kọye ikpe ri Sera."
311,ọka,10,"corn, maize / Corn",ọ́ka,ọ́ka,"Ọghẹnẹ kẹ wẹ evwru rẹ obo odjuvwu, kugbe ivwri rẹ otọ na, vẹ ọka buebu kugbe udi."
312,manasse,10,,,,"Josẹf de se odẹ rẹ ọwanra rọye na Manasse, Kidie, ọ tare nẹ, Ọghẹnẹ nẹrhẹ ojá mẹ ejobi kugbe uwevwi mẹ chọ ovwẹ ẹro."
313,hirhe,9,Detour  ;  Return,Hirhe,Hirhe,"Ẹkẹvuọvo aye ri Lọt rọ ka obuko de ni obuko, o de hirhe phihọ ẹrhẹnre rẹ ughweraka."
314,obenu,9,,,,"kugbe oka rẹ ephra ri obenu na ighwrẹ́ ivivẹ rhe, ọshare vẹ aye, rere ayen vwo jẹ ghwọrọ kakare nẹ enu rẹ akpọ na."
315,sẹ,9,Efficacy  of  medication  or  treatment,Sẹ,Sẹ,"Fiki rẹ ọtiọye na ọsháre vwọ yan jẹn ọ́sẹ rọye vẹ oní rọye vwó kọ rhe gbanọ ayé rọye, ayen ke dia omá ọ́vo."
316,ria,9,,,,"Je reyọ obo rẹ unu ria demu doka rọye, ghwẹ ayen koko wọ nabọ sẹro rayen; kọ dia emú kẹ wẹ́ vẹ ayen."
317,oka,9,type/kind,oka,oka,"kugbe oka rẹ ephra ri obenu na ighwrẹ́ ivivẹ rhe, ọshare vẹ aye, rere ayen vwo jẹ ghwọrọ kakare nẹ enu rẹ akpọ na."
318,ogbugbu,9,,,,"Nighere, Mi re mudia asan ogbugbu rẹ ame na re, rẹ emetẹ rẹ ihwo rẹ orere na de che vo ame."
319,fan,9,transport,fán,fán,"ẹkẹvuọvo o de churu onotu rọ kakemu na si, kirobo ri Josẹf fan otọ rẹ evwerhẹ na kẹ ayen."
320,irere,9,,,,"Ebram da dia otọ ri Kenan, yi Lọt ra dia uherevie rẹ irere rẹ ushekpotọ na, o de mu erhọ kẹrẹ Sodọm."
321,enẹ,9,,,,Enẹ kọye emetẹ ri Lọt ivẹ na wan oma rẹ ọsẹ rayen mrevun.
322,ohwohwo,9,each other,ohwóhwó,ohwóhwó,"Lọt ke jẹ ushekpotọ ri Jọdan na kẹ oma rọye, Lọt de nene obọrhe, kọye ayen da hẹriẹ oma nẹ ohwohwo"
323,ivie,9,,,,"Mi ru we vwọ dia ọgbọmiọvwọ, ẹgborho ride ki nẹ agada wẹn rhe, ivie ki nẹ oma wẹn rhe."
324,jokpa,9,Except ; Unless,Jokpa,Jokpa,"ko wẹ re cha dia enu rẹ uwevwi mẹ, ihwo mẹ ke vwẹ oma kpotọ kẹ wẹ sun, jokpa rẹ obo ekete mẹ Me da rho nọ wẹ."
325,esẹ,9,Scale    (e.g.  fish  scale ),Ésẹ́,Ésẹ́,"Vwọ kẹ oma wẹn, ku wo rhivwi bru esẹ wẹn ra egberhẹnẹdẹ, ke shi we vẹ uyovwi esha hẹrẹhẹrẹ."
326,ẹjo,9,no / No !  ;  Not  at  all,ẹjo,ẹjo,Ọshare na da fọ ko di nó rọ vwọ riẹn se Ọghẹnẹ phi erhuvwu phihọ oyan rọye na eyẹ ẹjo.
327,bẹẹrsheba,9,,,,"Ebraham da kọn oghriki phihọ Bẹẹrsheba, o de se odẹ rẹ Ọrovwohwo vwẹ Etiyin, Ọghẹnẹ ri bẹvwẹdẹ na."
328,tọn,9,,,,"O da ta, Igodẹ rẹ eya nana ighwrẹ na gba reyọ ayen mie vwe, rere e dia iseri nẹ mẹ́vwẹ ri ghine tọn orhare na."
329,fiọnfiọn,9,,,,"Etiyin ọsẹ rọye Aizik da ta kẹ, Gbe si kẹrẹ ovwẹ re wọ fiọnfiọn ovwẹ, ọmọ mẹ."
330,osa,9,debt / Debt,osa,osa,"Etiyin Laban da ta ki Jekọp, fikiridie wọ vwọ omoni mẹ na, ku wọ de ga vwẹ ọphọphẹ? Ta kẹ vwẹ, bro osa Me hwa kẹ wẹ?"
331,vwerhe,9,Sweet,Vwerhe,Vwerhe,Jekọp ke rha mrẹ vughe nẹ ivun rọye gbe rha vwerhe Laban kiri ọke rẹ ẹsosuọ-ọ.
332,simiọn,9,,,,"Emọ ri Leah Rubẹn (owanra ri Jekọp), Simiọn, Livae, Juda, Isaka, kugbe Zẹbulọn."
333,hamọr,9,,,,"Vwẹ obọ rẹ emọ ri Hamọr, ọsẹ ri Shikẹm, ọ da dẹ otọ na ebó rẹ igho ujori kẹ Etiyin ọ bọn utughẹ rọye phihọ."
334,anah,9,,,,"Enana emọ rẹ Oholibamah ọmọtẹ rẹ Anah rẹ ọmọ ri Zibeọn, aye rẹ Isọ: o de vwiẹ Jeush, Jalam kugbe Korah kẹ Isọ."
335,omuidi,9,,,,"Ọmọke vwọ wanre, omuidi rẹ ovie rẹ Ijipt kugbe okakemu rọye da chọ urhi rẹ ọrovwayen ovie rẹ Ijipt na."
336,ifrem,9,,,,"Odẹ rẹ ọrivẹ o de se Ifrem, Kidie Ọghẹnẹ ru vwe phihọ ọmiọvwọ vwẹ otọ rẹ ukpokpogho mẹ."
337,di,8,block,di,di,ẹkẹvuọvo evwru kọye di muẹ nẹ otọ na kpenu ọ Me rhe kpọrhọ otọ na ejobi -
338,uvwo,8,,,,"Etiyin ọsháre na da ta, Ọnana ubeku mẹ́ kugbe uvwo rẹ uvwo mẹ, ke se nẹ Ayé, fikiridie omá rẹ ọshare esiro nurhe."
339,otafe,8,outside,ótáfe,ótáfe,"Gba vwẹ urhé ri gofa kare ókọ̀, kare ivun phihọ okọ na, wọ nabọ pharọ te obevun te otafe vẹ orhọrhe."
340,oghwe,8,,,,Noa da dia ikpe urí ẹ́rha ọghwo te vwẹ ọke rẹ oghwe na vwo ku akpọ na.
341,emeranvwe,8,,,,
342,ride,8,,,,"Amé na de rhi bu gangan o de rhi reghe igbenu ride ejobi ri otọ rẹ akpọ na,"
343,emuọre,8,,,,"emu kemu ejobi rọ yan ro vwo arhọ kọ dia emuọre kẹ wẹ́, kirobo Me vwẹ ifọn kẹ wẹ na, Me je kẹ wẹ emu ejobi."
344,udi,8,Liquor,Udi,Udi,"ọ da da udi ri vain na, udi de muo, o de shevwerhẹ otọ rẹ utughẹ rọye vẹ ẹbẹba."
345,iniọvo,8,,,,"Ham, rẹ ọ́sẹ ri Kenan, da mrẹ ẹba rẹ ọsẹ rọye, o de rhi gbe ikun kẹ iniọvo rọye vwẹ otafe."
346,orho,8,town / Town ; City,orho,orho,"ẹkẹvuọvo ku wo kpo orho mẹ kpo uvwiẹ mẹ, kẹ Etiyin wọ da reyọ aye kẹ ọmọ mẹ Aizik."
347,nẹrhẹ,8,pacify,nẹrhẹ,nẹrhẹ,"Die wọ vwọ tanẹ oníọvo mẹ? rọ da nẹrhẹ ovwẹ reyọ vwo ru aye? Nighe aye wẹn na, reyọ ru wọ yanran."
348,obọhwẹre,8,,,,
349,mamre,8,,,,"Ebram da ghwiẹ utughẹ rọye, ọ da rhe dia kẹrẹ ọhahe ri Mamre, rọ kẹrẹ Hebrọn, kẹ Etiyin ọ da so agbada kẹ Ọrovwohwo."
350,ẹvo,8,,,,"igodẹ na de vwiẹ vwẹ obaro rẹ oghọ rẹ urhé ro keri ipe na, ẹvo de vwiẹ iri vẹ ipe efuanfon, ẹvo vẹ irhiẹ efa ibiebi."
351,emuọvo,8,,,,"Jekọp de se odẹ rẹ asan na Peniel, nẹ, Fikiridie Me mrẹ Ọghẹnẹ opharo ye emuọvo ru vwee."
352,uvwe,8,,,,"Me da ta kẹ onini mẹ, Kẹ ọke rẹ aye na gbi nene uvwe-e, komavọ?"
353,efa,8,others,éfà,éfà,"Ru ẹdẹ rẹ ọna gba, avwanre kẹ vwẹ ọrivẹ na kẹ wẹ wọ da ga vwẹ ikpe ighwrẹ efa."
354,rhọvwe,8,agree/accept,rhọvwe,rhọvwe,"Ebraham da ta kẹ Ọghẹnẹ, E mane ke wan rhọvwe nẹ Ishmael dia obaro wẹn vwonẹ;"
355,chere,8,cook / Cook,chere,chere,"Ẹdẹ ọvo ri Jekọp vwo chere ukodo, Isọ de nẹ ibefi rhe, owẹvwe ko hwe gangan."
356,kohwo,8,,,,"Etiyin Sera da ta, Ọghẹnẹ ma ehwẹ kẹ vwẹ; kohwo kohwo ro nyori ejobi kọ cha hwẹ vwẹ."
357,oviẹ,8,cry,óviẹ́,óviẹ́,"Ọghẹnẹ ke rhe karohọ Rachel, Ọghẹnẹ de nyo oviẹ rọye o de rhie urhoro rọye."
358,urhuru,8,selfishness,urhuru,urhuru,"vwẹ oma rẹ uvwiẹ wẹn ọye ẹgborho rẹ akpọ na ejobi wan vwo ebruphihọ kẹ oma rẹ ayen, fikiridie wo mu ọghọ kẹ urhuru mẹ."
359,ekẹtẹkẹtẹ,8,,,,"Kẹnẹ Jekọp ru fe gangan, o de vwo uchuru, kugbe idibo rẹ emetẹ vẹ ere eshare kugbe iyesi vẹ ekẹtẹkẹtẹ."
360,bẹtuẹl,8,,,,"Kesed, Hazo, Pildash, Jidlaf, kugbe Bẹtuẹl."
361,padanaram,8,,,,Jekọp de nyo ota rẹ ọsẹ rọye kugbe oni rọye ọ da yanran kpo Padanaram.
362,etọ,8,,,,
363,eta,8,ward,ètá,ètá,Eta rayen da nabọ je Hamọr vẹ ọmọ rọye Shikẹm.
364,vọye,8,,,,"re wọ vọye dia oboyi emerha, bẹsiẹ rẹ ophun rẹ oniọvo wẹn vwo fue;"
365,bilhah,8,,,,(Laban da vwẹ ayeobọ rọye Bilhah vwọ kẹ Rachel rẹ ọmọtẹ rọye).
366,rubẹn,8,,,,"Emọ ri Leah Rubẹn (owanra ri Jekọp), Simiọn, Livae, Juda, Isaka, kugbe Zẹbulọn."
367,bẹnjamin,8,,,,"Ro vwo sherua re (kidie o ghwuru), o de se odẹ rọye Ben-oni; ẹkẹvuọvo ọsẹ rọye de se Bẹnjamin."
368,kẹnẹ,7,,,,Kẹnẹ a ma odjúvwu vẹ akpọ́ kugbe obo re vọnrọ ejobi wan.
369,udju,7,farm / Farm,údjú,údjú,"Urhie da va phia vwẹ Idẹn rere ọrhuọrhuọ udju na, Etiyin ọ da jẹn eghọn ẹ́ne."
370,yoyovwi,7,"fine, well",yoyovwi,yoyovwi,oro rẹ otọ na pha yoyovwi; bideliọm vẹ oragha rẹ oniks; je otọ na rhe.
371,bẹdẹ,7,never,bẹdẹ,bẹdẹ,kidie otọ na ejobi re wọ mrẹ na Me vwẹ ayen kẹ wẹ kugbe uvwiẹ wẹn bẹdẹ.
372,oruẹ,7,,,,"Enana ke ye orua ri Noa. Noa kẹ ọvwata oruẹ, o vwo eka vwẹ orua rọye na-a; Noa da yan kpahọ Ọghẹnẹ."
373,ọvwata,7,,,,"Enana ke ye orua ri Noa. Noa kẹ ọvwata oruẹ, o vwo eka vwẹ orua rọye na-a; Noa da yan kpahọ Ọghẹnẹ."
374,kpahọ,7,,,,"Enana ke ye orua ri Noa. Noa kẹ ọvwata oruẹ, o vwo eka vwẹ orua rọye na-a; Noa da yan kpahọ Ọghẹnẹ."
375,shẹm,7,,,,"Noa de vwó emeshare ẹ́rha, Shẹm, Ham kugbe Jafet."
376,nabọ,7,,,,"Gba vwẹ urhé ri gofa kare ókọ̀, kare ivun phihọ okọ na, wọ nabọ pharọ te obevun te otafe vẹ orhọrhe."
377,ivivẹ,7,,,,"kugbe oka rẹ ephra ri obenu na ighwrẹ́ ivivẹ rhe, ọshare vẹ aye, rere ayen vwo jẹ ghwọrọ kakare nẹ enu rẹ akpọ na."
378,kpono,7,drag,kpono,kpono,"Eránvwe ri tete omá, kugbe iri gbe oma, te ephra, te obo ri kpono vwẹ otọ na,"
379,ughwu,7,death,ughwu,ughwu,"Te Noa vẹ emọ rọye vẹ aye rọye te eya rẹ emọ rọye vẹ ọ́ye da ro evun rẹ okọ na, rẹ ayen vwo nẹ ughwu rẹ amé na."
380,kpọ,7,dry,kpọ,kpọ,"ame na de si reyọ kọke kọke. Vwẹ oba rẹ ẹdẹ ujori gbẹ ujuvẹ gbẹ ihwé re, ame na da rhe kpọ;"
381,izobo,7,offering,izóbo,izóbo,"Jekọp de ze izobo vwẹ enu rẹ ugbenu na o de se ihwo rọye nẹ iri re emu, ayen da re ayen da vwerhẹ enu rẹ ugbenu na."
382,orhọ,7,ear,órhọ́,órhọ́,Ebraham da reyọ upene rẹ igodẹ rẹ eya ighwrẹ vwẹ ohri rẹ uchuru rọye na phihọ orhọ.
383,soso,7,,,,Enana ẹ́rha na keye emọ ri Noa; enana erha na keye ri vwiẹ akpọ na soso.
384,ikun,7,story,íkun,íkun,"Ham, rẹ ọ́sẹ ri Kenan, da mrẹ ẹba rẹ ọsẹ rọye, o de rhi gbe ikun kẹ iniọvo rọye vwẹ otafe."
385,jọ,7,,,,"Ọghẹnẹ hẹre ishamwa ri Jafẹt, e jọ dia itughẹ ri Shẹm, e je Kenan dia ọviẹn rọye."
386,ọnre,7,,,,"Ọke rẹ ihwo vwọ kua nẹ abọ rẹ ọnre da vacha re, ayen da rhe mrẹ uphephe ọvo vwẹ otọ ri Shinar ayen da dia Etiyin."
387,terah,7,,,,"Ọke ri Nahọr vwọ dia ikpe uje gbẹ irhiri re, ọ da rhe dia ọsẹ ri Terah;"
388,serai,7,,,,"Serai kẹ ẹga, o vwiẹ ọ́mọ-ọ."
389,eriyin,7,,,,"Ki mi ru we vwọ dia ẹgborho buebu, ki mi bruphihọ kẹ wẹ, ki mi ru odẹ wẹn rho, eriyin na ku wọ dia ebruphihọ."
390,fi,7,leak,fi,fi,Vwẹ ọke nana owẹvwe de rhi fi vwẹ otọ na. Etiyin Ebram de kpo Ijipt ra dia fikiridie owẹvwe na firi gangan vwẹ otọ na.
391,idọnọ,7,word used in reference to money mostly in the o...,idọ́nọ,idọ́nọ,"Asakiephana Ebram feri gangan vwẹ uchuru, idọnọ efuanfon kugbe oro."
392,efuanfon,7,,,,"Asakiephana Ebram feri gangan vwẹ uchuru, idọnọ efuanfon kugbe oro."
393,ushekpotọ,7,,,,"Lọt ke jẹ ushekpotọ ri Jọdan na kẹ oma rọye, Lọt de nene obọrhe, kọye ayen da hẹriẹ oma nẹ ohwohwo"
394,ofovwi,7,war,ofovwi,ofovwi,Abimẹlẹk da yan ni Gẹra bro ra ọ vẹ Ahuzath re ọbuiroro rọye kugbe Fikol rẹ onotu rẹ ofovwi rọye.
395,aghwa,7,bush,ághwá,ághwá,"Ọghẹnẹ vẹ ọmọ na da herọ, ọ da rhe rho, ọ dia evun rẹ aghwa, o de rhi hirhe ọsedada."
396,komavọ,7,,,,"Ẹkẹvuọvo ọ da ta, E Ọrovwohwo Ọghẹnẹ, komavọ mi ru riẹn nẹ mi che vwo otọ na?"
397,egbo,7,ram,egbo,egbo,"Ọ da ta kẹ, Reyọ upene rẹ erhuẹn rẹ ikperha, ẹvwe aye rẹ ikperha, egbo rẹ ikperha, inekuku, kugbe eme erurẹ."
398,ghwe,7,,,,"Kpata kpata na o de ghwe rhurie ame na phihọ odo, ọ da ghwá djẹ yanran re vo vwọ kẹ iyesi na."
399,ovwerhẹ,7,sleep,ovwerhẹ,ovwerhẹ,"Rẹ ọnre vwo kpotọ re, ovwerhẹ rode de mu Ebram, o vwo ni, oshọ rode vẹ egho de rhi rhuro."
400,esha,7,grey hair / Grey  hair,esha,esha,"Vwọ kẹ oma wẹn, ku wo rhivwi bru esẹ wẹn ra egberhẹnẹdẹ, ke shi we vẹ uyovwi esha hẹrẹhẹrẹ."
401,yanvwe,7,,,,"Ku wọ yanvwe ohọrọ rẹ ẹsosuọ rẹ oma wẹn, kọ cha dia oka rẹ ọphọ rọ uvwre mẹ vẹ owẹ."
402,guọnọ,7,"find, look for",guọnọ,guọnọ,"Ayen da vwẹ egho rhurhu ihwo ri bi koko anurhoro na ẹro, te emọ te ekpako, ki ruẹ rhurhu vwẹ abọ guọnọ anurhoro."
403,gẹra,7,,,,"Ebraham da ta kẹ Sera rẹ aye rọye, Wẹ oniọvo mẹ, Abimẹlẹk ovie ri Gẹra de ji ukọ ra reyọ Sera."
404,okpuyovwi,7,,,,"Ku wọ ta kẹ nẹ, Erẹ odibo wẹn Jekọp, ena ọko ra phare rhe ọrovwovwe Isọ, okpuyovwi rọye je cha vwẹ obuko."
405,irhuẹn,7,,,,Irhuẹn re dọndọn grosi na de mu iride tubie tubie na rọ. Fero de gbunie rhọvwọ.
406,odjuvwu,7,heaven / Heaven,odjúvwú,odjúvwú,"Ẹkẹvuọvo amakashe rẹ Ọrovwohwo de se nẹ obo odjuvwu rhe, ọ da ta, Ebraham! Ebraham! O de nyo nẹ, Mẹvwẹ na."
407,filistia,7,,,,Ebraham da dia otọ ri Filistia na krekri.
408,ọmọkpako,7,first born,ọ́mọkpáko,ọ́mọkpáko,"Uz rẹ ọmọkpako, Buz rẹ oniọvo rọye, Kemuẹl ọsẹ rẹ Aram,"
409,diguẹ,7,Greet  with  knees  down  or  bent .,Diguẹ,Diguẹ,"Ebraham de vrẹn o de diguẹ kẹ ihwo ri Hẹt na, re dia ihwo rẹ otọ na."
410,kerhọ,7,listen / Listen,kerhọ,kerhọ,"Ọ da ta kẹ ayen, Ovwan da rhọvwe nẹ mi shi orivwi mẹ na nẹ obaro mẹ, wa gba kerhọ, re ovwan rẹ Efrọn rẹ ọmọ ri Zohar,"
411,efrọn,7,,,,"Ọ da ta kẹ ayen, Ovwan da rhọvwe nẹ mi shi orivwi mẹ na nẹ obaro mẹ, wa gba kerhọ, re ovwan rẹ Efrọn rẹ ọmọ ri Zohar,"
412,ẹmwa,7,,,,"Te otọ na kugbe ẹmwa rọ herọ ke siobọ no kẹ Ebraham rọ dia ẹkẹn rẹ ogbẹ, re ihwo ri Hẹt vwọ kẹ."
413,irharo,7,presence,irháro,irháro,"kẹ Ebraham rọ dia ẹkẹn rọye vwẹ irharo rẹ ihwo ri Hẹt na, kugbe ihwo rẹ orere na re rhe ughere na ejobi."
414,no,7,Look  at  it,Nó,Nó,"Te otọ na kugbe ẹmwa rọ herọ ke siobọ no kẹ Ebraham rọ dia ẹkẹn rẹ ogbẹ, re ihwo ri Hẹt vwọ kẹ."
415,ochẹ,7,water pot / Clay   drinking   water  storage   pot,ochẹ,ochẹ,"Eriyin odibo na da djẹ bro, ọ da ta, Biko kẹ vwẹ ama ame rẹ ochẹ wẹn na da."
416,ruru,7,,,,Odibo na da ta kẹ Aizik emu ejobi ro ruru.
417,sho,7,,,,"Etiyin Rachel de ghwu, e de sho vwẹ idjerhe rẹ Efrat (kọye Bẹtlẹhẹm),"
418,shẹ,7,sell / Sell,shẹ,shẹ,"Jekọp da ta, Gba shẹ ọkpako wẹn kẹ vwẹ tavwe."
419,ghwọ,7,be angry,ghwọ,ghwọ,Ayen da tọn ọfa ayen da je ghwọ gbe; Etiyin o de se odẹ Sitnah.
420,osusu,7,,,,"Jekọp da ta ke ihwo rọye, Wa ghwẹ ibieragha, ayen da ghwẹ ibieragha na, ayen da ma ayen osusu na."
421,oholibamah,7,,,,"Oholibamah de vwiẹ Jeush, Jalam, kugbe Korah. Enana keye emọ rẹ Isọ ro vwiẹri vwẹ otọ ri Kenan."
422,elifaz,7,,,,"Adah de vwiẹ kẹ Isọ, Elifaz; Basʼemath de vwiẹ Roẹl;"
423,uwodi,7,prison,uwódi,uwódi,"Onini ri Josẹf ghwa reyọ o de re muo phihọ uwodi, asan ra da karọ ekru rẹ ovie, kẹ Etiyin a kaerọ phihọ."
424,ororo,7,,,,"Ikpe ighwrẹ rẹ ororo cha rhe vwẹ otọ rẹ Ijipt na ejobi,"
425,ekpẹn,6,,,,"Ọ da nọ ekpẹn rẹ oma rayen, ọ da nọ, Oma rẹ ọsẹ wẹn dori, ọmare rẹ ovwan ta kẹ vwẹ na? Ọ jẹn akpọ?"
426,rivẹ,6,second,rívẹ́,rívẹ́,"Odẹ rẹ urhie rivẹ ki Gihọn, urhie nana re djẹ wan ubrotọ ri Kush."
427,urhi,6,law / Law,úrhi,úrhi,"Ọrovwohwo Ọghẹnẹ de ji urhi kẹ ohwo na, nẹ, Wọ sa re omamọ komamọ rẹ udju na obo ri jẹn we;"
428,nurhe,6,,,,"Etiyin ọsháre na da ta, Ọnana ubeku mẹ́ kugbe uvwo rẹ uvwo mẹ, ke se nẹ Ayé, fikiridie omá rẹ ọshare esiro nurhe."
429,gbanọ,6,,,,"Fiki rẹ ọtiọye na ọsháre vwọ yan jẹn ọ́sẹ rọye vẹ oní rọye vwó kọ rhe gbanọ ayé rọye, ayen ke dia omá ọ́vo."
430,yi,6,,,,"Ebram da dia otọ ri Kenan, yi Lọt ra dia uherevie rẹ irere rẹ ushekpotọ na, o de mu erhọ kẹrẹ Sodọm."
431,vọn,6,,,,"Akpọ́ na de rhi gbeku vwẹ obaro rẹ Ọghẹnẹ, akpọ na ke je vọn vẹ ozighi."
432,dohwo,6,,,,"Dishon, Ezer, kugbe Dishan, ena keye ilori rẹ emọ ri Họr, dohwo dẹgborho rọye vwẹ otọ ri Seir."
433,doka,6,,,,"Je reyọ obo rẹ unu ria demu doka rọye, ghwẹ ayen koko wọ nabọ sẹro rayen; kọ dia emú kẹ wẹ́ vẹ ayen."
434,karohọ,6,Remember  ;  Do  not  forget / remember,karohọ,karohọ,"Ọghẹnẹ ke rhe karohọ Rachel, Ọghẹnẹ de nyo oviẹ rọye o de rhie urhoro rọye."
435,ze,6,"offer, sacrifice / Sacrifice   (  for  a  god  )",ze,ze,"Jekọp de ze izobo vwẹ enu rẹ ugbenu na o de se ihwo rọye nẹ iri re emu, ayen da re ayen da vwerhẹ enu rẹ ugbenu na."
436,ọbara,6,blood / Blood,ọbara,ọbara,"Ẹkẹvuọvo wọ ria uvwo vẹ arhọ rọye-e, kọye ọbara rọye."
437,bọn,6,,,,"Kọye Ọrovwohwo da hra ayen nene enu rẹ akpọ na ejobi, ayen gbe bọn orere na ọfa-a."
438,ghwo,6,Old  ;  Ripe,Ghwo,Ghwo,Ebraham da dia ikpe ọvo nuro ujori ọ ghwo te vwẹ ọke rọ vwọ yanvwe.
439,uje,6,twenty / Twenty,uje,uje,"Ọke ri Nahọr vwọ dia ikpe uje gbẹ irhiri re, ọ da rhe dia ọsẹ ri Terah;"
440,ebruphihọ,6,,,,"Ki mi ru we vwọ dia ẹgborho buebu, ki mi bruphihọ kẹ wẹ, ki mi ru odẹ wẹn rho, eriyin na ku wọ dia ebruphihọ."
441,obi,6,,,,Ebram da rhoma mu oyan họ ọ da garo vi obi Nẹgẹb.
442,firi,6,,,,Vwẹ ọke nana owẹvwe de rhi fi vwẹ otọ na. Etiyin Ebram de kpo Ijipt ra dia fikiridie owẹvwe na firi gangan vwẹ otọ na.
443,ughere,6,outskirts of a town or village,úghére,úghére,"Fero da kpokpa kẹ ihwo rọye kpahe Ebram, ayen de suo ro ughere, te aye rọye kugbe ihwo ro vwori ejobi."
444,isuigodẹ,6,,,,"Ebram da ta ki Lọt, E gbi jẹ oseghe dia uvwre wẹ vẹ ọmẹ-ẹ kugbe uvwre rẹ isuigodẹ wẹn vẹ emẹ-ẹ, kidie avwanre iniọvo."
445,zoar,6,,,,
446,gomora,6,,,,"Kọye ivwighrẹ na da ghwẹ ekuakua ri Sodọm vi Gomora reyọ, kugbe emuọre rayen ejobi ayen da yanran kpo,"
447,omoni,6,relation,ómóni,ómóni,"Etiyin o de mie ayen eyenre na ejobi, ọ da reyọ Lọt omoni rọye vẹ eyenre rọye, kugbe eya na vẹ ihwo na ejobi."
448,tua,6,Chase    him/her /it,Tua,Tua,ọ da reyọ imoni rọye ọ da vwọ tua ẹdẹ ighwrẹ soso kpata kpata ra ro orere rẹ igbenu ri Giliad.
449,ẹvwe,6,kola nut / Kola  nut / Kola nut,Ẹvwe,Ẹvwe,"Ọ da ta kẹ, Reyọ upene rẹ erhuẹn rẹ ikperha, ẹvwe aye rẹ ikperha, egbo rẹ ikperha, inekuku, kugbe eme erurẹ."
450,kpotọ,6,low,kpótọ,kpótọ,"Rẹ ọnre vwo kpotọ re, ovwerhẹ rode de mu Ebram, o vwo ni, oshọ rode vẹ egho de rhi rhuro."
451,eviẹn,6,,,,"Obọ ri kohwo kohwo ru wọ da mrẹ, e jo ghwu, avwanre ri chekọ na ke dia eviẹn rẹ ọrovwovwe."
452,kọshare,6,,,,
453,vwa,6,word that relates to the state of a person or t...,vwa,vwa,"Lọt da ro otafe ra vwa ihwo na, ọ da kare ẹchẹ gbe erhorha na,"
454,umwemwu,6,sin,umwemwu,umwemwu,"ọ da ta, Me rẹ ovwan, imoni mẹ, we ruẹ emu umwemwu tiọnana-a."
455,uyota,6,truth,úyóta,úyóta,"Uyota oníọvo mẹ o ghine ruẹ, ọ́mọtẹ́ rẹ ọsẹ mẹ ẹkẹvuọvo ọ dia ọmọ rẹ oní mẹ-ẹ, kọye mi de vwo ru aye."
456,omẹvwẹ,6,,,,"avwanre da vwerhẹ evwerhẹ vwẹ ason ọvuọvo na, te ọye te omẹvwẹ, dohwo devwerhẹ rọye dohwo dotọ rọye."
457,ghine,6,,,,"Uyota oníọvo mẹ o ghine ruẹ, ọ́mọtẹ́ rẹ ọsẹ mẹ ẹkẹvuọvo ọ dia ọmọ rẹ oní mẹ-ẹ, kọye mi de vwo ru aye."
458,erẹ,6,,,,"ini rẹ iyesi ọgban kugbe upene rayen, erhuẹn rẹ eya ujuvẹ kugbe erẹ eshare ihwe, esi rẹ eya uje kugbe eshare ihwe."
459,amakashe,6,angel,ámakáshe,ámakáshe,"Ẹkẹvuọvo amakashe rẹ Ọrovwohwo de se nẹ obo odjuvwu rhe, ọ da ta, Ebraham! Ebraham! O de nyo nẹ, Mẹvwẹ na."
460,iseri,6,,,,"O da ta, Igodẹ rẹ eya nana ighwrẹ na gba reyọ ayen mie vwe, rere e dia iseri nẹ mẹ́vwẹ ri ghine tọn orhare na."
461,ọghọ,6,respect/honour,ọghọ,ọghọ,"vwẹ oma rẹ uvwiẹ wẹn ọye ẹgborho rẹ akpọ na ejobi wan vwo ebruphihọ kẹ oma rẹ ayen, fikiridie wo mu ọghọ kẹ urhuru mẹ."
462,aram,6,,,,"Uz rẹ ọmọkpako, Buz rẹ oniọvo rọye, Kemuẹl ọsẹ rẹ Aram,"
463,hwa,6,pay / Pay,hwa,hwa,"Etiyin Laban da ta ki Jekọp, fikiridie wọ vwọ omoni mẹ na, ku wọ de ga vwẹ ọphọphẹ? Ta kẹ vwẹ, bro osa Me hwa kẹ wẹ?"
464,phare,6,,,,"ọ da reyọ, ophiẹn rẹ ẹmẹvwe na vwọ phare abọ vẹ edigbo ohọre rọye;"
465,nighere,6,,,,"Nighere, Mi re mudia asan ogbugbu rẹ ame na re, rẹ emetẹ rẹ ihwo rẹ orere na de che vo ame."
466,isa,6,Ring,Isa,Isa,"Me da nọ nẹ, Wẹ ọmọtẹ rẹ ono? Ọ da ta, Ọmọtẹ ri Bẹtuẹl, ọmọ ri Nahọr ri Milka vwiẹ kẹ. Kọye mi de ku isa na phihọ abọ."
467,họhọ,6,similar,họhọ,họhọ,"Etiyin Jekọp da ga ẹga ikpe ighwrẹ fiki ri Rachel, e da họhọ ẹdẹ tutuno vwọ kẹ kidie o jere gangan."
468,ono,6,who (sing.),óno,óno,"Me da nọ nẹ, Wẹ ọmọtẹ rẹ ono? Ọ da ta, Ọmọtẹ ri Bẹtuẹl, ọmọ ri Nahọr ri Milka vwiẹ kẹ. Kọye mi de ku isa na phihọ abọ."
469,ọkpako,6,Older  person  ;  More  elderly,Ọkpako,Ọkpako,"Jekọp da ta, Gba shẹ ọkpako wẹn kẹ vwẹ tavwe."
470,kuo,6,Pour,Kuo,Kuo,"Etiyin Rebeka da reyọ ewu rẹ Isọ rẹ ọmọkpako rọye na, rọ evun rẹ uwevwi jovwo, o de kuo phihọ Jekọp rẹ omotete na,"
471,ohọre,6,neck,ohọre,ohọre,"ọ da reyọ, ophiẹn rẹ ẹmẹvwe na vwọ phare abọ vẹ edigbo ohọre rọye;"
472,dinah,6,,,,"Ukuko rọye o de vwiẹ ọmọtẹ, o de se odẹ rọye Dinah."
473,churu,6,,,,"Jekọp de ji ikọ re se Rachel vi Leah rhe obo ẹghwa ro de churu eranvwe na,"
474,irhiẹ,6,,,,"igodẹ na de vwiẹ vwẹ obaro rẹ oghọ rẹ urhé ro keri ipe na, ẹvo de vwiẹ iri vẹ ipe efuanfon, ẹvo vẹ irhiẹ efa ibiebi."
475,ere,6,kind of mat,eré,eré,"ẹkẹvuọvo ere pha mwẹmwẹ re herọ o de mu ayen san, ere mwẹmwẹ na ke rẹ Laban, ere gangan ri chekọ ki ri Jekọp."
476,wene,6,"change, transfer",wene,wene,yẹ ẹkẹvuọvo ọsẹ wẹn ghwá vwẹ re o de wene osa mẹ asiehwe; yẹ Ọghẹnẹ rhọvwere nẹ ọwavwẹ oma-a.
477,ẹko,6,group,ẹko,ẹko,"Oshọ de mu Jekọp oma de ron, ọ da ghare ihwo ri rhere, te uchuru na te iyesi na, ẹko ivẹ,"
478,igberadja,6,prostitute / Prostitute,igberadja,igberadja,"Ẹkẹvuọvo ayen da ta, Die nẹrhẹ o ru oniọvo rẹ avwanre kiri igberadja?"
479,zibeọn,6,,,,"Enana emọ rẹ Oholibamah ọmọtẹ rẹ Anah rẹ ọmọ ri Zibeọn, aye rẹ Isọ: o de vwiẹ Jeush, Jalam kugbe Korah kẹ Isọ."
480,tubie,6,,,,Irhuẹn re dọndọn grosi na de mu iride tubie tubie na rọ. Fero de gbunie rhọvwọ.
481,eduru,6,,,,"Mi rhe vwo ni, eduru rẹ eka ighwrẹ re vwara ẹbe gẹngẹn rẹ odju bẹre de rhe mu kpahe erẹ ẹsosuọ na."
482,va,5,Shout  loud,Va,Va,"Urhie da va phia vwẹ Idẹn rere ọrhuọrhuọ udju na, Etiyin ọ da jẹn eghọn ẹ́ne."
483,oragha,5,,,,oro rẹ otọ na pha yoyovwi; bideliọm vẹ oragha rẹ oniks; je otọ na rhe.
484,ruo,5,Do  it,Ruo,Ruo,"Ọtiọna kọye wo ruo: ugrogro rẹ ókọ̀ na kubit urí gbẹ ujori, ohẹhẹre rọye kubit ujuvẹ gbẹ ihwé, ekodo rọye kubit ọgban."
485,kubit,5,,,,"Ọtiọna kọye wo ruo: ugrogro rẹ ókọ̀ na kubit urí gbẹ ujori, ohẹhẹre rọye kubit ujuvẹ gbẹ ihwé, ekodo rọye kubit ọgban."
486,tete,5,,,,"Eránvwe ri tete omá, kugbe iri gbe oma, te ephra, te obo ri kpono vwẹ otọ na,"
487,kọphra,5,,,,
488,ẹtorhẹ,5,,,,
489,shevwerhẹ,5,,,,"ọ da da udi ri vain na, udi de muo, o de shevwerhẹ otọ rẹ utughẹ rọye vẹ ẹbẹba."
490,bruba,5,,,,"Ọ da je ta, Ọrovwohwo rẹ Ọghẹnẹ mẹ bruba kẹ Shẹm, gbe ji Kenan dia ọviẹn rọye."
491,shelah,5,,,,Ọke rẹ Arpakshad vwọ dia ikpe ọgban gbẹ iyórĩ re ọ da rhe dia ọ́sẹ ri Shelah;
492,ẹga,5,barren / Barren ; Childless  person,ẹga,ẹga,"Serai kẹ ẹga, o vwiẹ ọ́mọ-ọ."
493,rho,5,Pre-cook ; Not totally  done ; Preservative,Rho,Rho,"Ki mi ru we vwọ dia ẹgborho buebu, ki mi bruphihọ kẹ wẹ, ki mi ru odẹ wẹn rho, eriyin na ku wọ dia ebruphihọ."
494,rhere,5,,,,"Oshọ de mu Jekọp oma de ron, ọ da ghare ihwo ri rhere, te uchuru na te iyesi na, ẹko ivẹ,"
495,nẹgẹb,5,,,,Ebram da rhoma mu oyan họ ọ da garo vi obi Nẹgẹb.
496,eyere,5,,,,"ọtiọye na otọ na gbe gba aye-en, kidie ayen vwo eyere buebu, ayen gbe sa dia kugbe-e,"
497,hebrọn,5,,,,"Ebram da ghwiẹ utughẹ rọye, ọ da rhe dia kẹrẹ ọhahe ri Mamre, rọ kẹrẹ Hebrọn, kẹ Etiyin ọ da so agbada kẹ Ọrovwohwo."
498,bẹla,5,,,,"Bẹla rẹ ọmọ ri Beor da re vwẹ Idọm, odẹ rẹ orere rọ da re ki Dinhabath."
499,ghare,5,Expensive,Ghare,Ghare,"Oshọ de mu Jekọp oma de ron, ọ da ghare ihwo ri rhere, te uchuru na te iyesi na, ẹko ivẹ,"
500,bẹrẹ,5,tear,bẹrẹ́,bẹrẹ́,"Jekọp da bẹrẹ iwun rọye, ọ da vwẹ emwa rẹ uvweri rhuo, o de muomahọ kẹ ọmọ rọye ẹdẹ buebu."
